review_id,madhhab,prior_evidence_status,internet_audit_status,production_disposition,audit_reason
HNF-HAID-09,hanafi,SCHOLAR_CLARIFICATION_REQUIRED,CONFLICT_OR_JUDGMENT_REQUIRED,FAIL_CLOSED,"Primary/secondary classical locators exist, but the production rule depends on precise relied-upon treatment of colored discharge after apparent purity; web corroboration cannot safely collapse the nuance."
HNF-TAHARA-10,hanafi,PARTIAL_EVIDENCE,INSUFFICIENT_EVIDENCE,FAIL_CLOSED,"Locator supports clean dryness/no colored trace as evidence of cessation, but not a sufficiently precise standalone Tahara state rule for production."
HNF-TAHARA-11,hanafi,PARTIAL_EVIDENCE,INSUFFICIENT_EVIDENCE,FAIL_CLOSED,"White discharge is supported as a purity marker, but exact state-machine timing and interaction with a user's usual sign remain under-specified."
HNF-HAID-12,hanafi,SCHOLAR_CLARIFICATION_REQUIRED,CONFLICT_OR_JUDGMENT_REQUIRED,FAIL_CLOSED,"Interposed purity has intra-Hanafi detail and cannot be reduced to one safe generic rule without a relied-upon decision table."
HNF-HAID-13,hanafi,SCHOLAR_CLARIFICATION_REQUIRED,CONFLICT_OR_JUDGMENT_REQUIRED,FAIL_CLOSED,"Resumed bleeding classification depends on interval length, ten-day maximum and habit; one-sentence internet summaries are unsafe for algorithmic use."
HNF-HAID-16,hanafi,PARTIAL_EVIDENCE,INSUFFICIENT_EVIDENCE,FAIL_CLOSED,"Habit-transfer evidence exists, but exact timing-change conditions are not sufficiently specified for production logic."
HNF-HAID-17,hanafi,PARTIAL_EVIDENCE,INSUFFICIENT_EVIDENCE,FAIL_CLOSED,"Habit-duration change is supported in principle but conditions and edge cases remain under-specified."
HNF-HAID-19,hanafi,SCHOLAR_CLARIFICATION_REQUIRED,CONFLICT_OR_JUDGMENT_REQUIRED,FAIL_CLOSED,"Conflict among habit, timing and blood characteristics requires a Hanafi-specific hierarchy; no generic tamyiz-first rule is justified."
HNF-ISTI-22,hanafi,SCHOLAR_CLARIFICATION_REQUIRED,CONFLICT_OR_JUDGMENT_REQUIRED,FAIL_CLOSED,"Located texts do not justify a simple Shafi'i-style tamyiz-first algorithm for Hanafi continuous bleeding."
HNF-NIFAS-32,hanafi,SCHOLAR_CLARIFICATION_REQUIRED,CONFLICT_OR_JUDGMENT_REQUIRED,FAIL_CLOSED,"Early cessation plus later return inside forty days needs an explicit state-transition table under Hanafi interposed-purity rules."
HNF-NIFAS-37,hanafi,PARTIAL_EVIDENCE,INSUFFICIENT_EVIDENCE,FAIL_CLOSED,"Nifas generally follows Haid rulings, but a precise primary locator for transition Ghusl timing is not yet adequate."
HNF-TRANS-39,hanafi,PARTIAL_EVIDENCE,INSUFFICIENT_EVIDENCE,FAIL_CLOSED,"Transition timing proposition remains only partially evidenced and should not drive prayer-state changes until narrowed."
MLK-HAID-02,maliki,SCHOLAR_CLARIFICATION_REQUIRED,CONFLICT_OR_JUDGMENT_REQUIRED,FAIL_CLOSED,"Age/eligibility formulation retains Maliki nuance that requires selection of the relied-upon production wording."
MLK-HAID-05,maliki,SCHOLAR_CLARIFICATION_REQUIRED,CONFLICT_OR_JUDGMENT_REQUIRED,FAIL_CLOSED,"Maximum-duration application has context/qualification that cannot be safely flattened from web summaries."
MLK-HAID-09,maliki,SCHOLAR_CLARIFICATION_REQUIRED,CONFLICT_OR_JUDGMENT_REQUIRED,FAIL_CLOSED,"Colored discharge after apparent purity requires precise Maliki formulation and conditions."
MLK-HAID-16,maliki,PARTIAL_EVIDENCE,INSUFFICIENT_EVIDENCE,FAIL_CLOSED,"Habit timing change has only partial direct support for the intended algorithmic proposition."
MLK-HAID-19,maliki,SCHOLAR_CLARIFICATION_REQUIRED,CONFLICT_OR_JUDGMENT_REQUIRED,FAIL_CLOSED,"Priority among habit, distinction and timing is a jurisprudential decision rule rather than a simple source-existence question."
MLK-ISTI-25,maliki,SCHOLAR_CLARIFICATION_REQUIRED,CONFLICT_OR_JUDGMENT_REQUIRED,FAIL_CLOSED,"Purification requirements in ongoing Istihada require precise Maliki conditions before automation."
MLK-ISTI-27,maliki,PARTIAL_EVIDENCE,INSUFFICIENT_EVIDENCE,FAIL_CLOSED,"Ghusl-transition wording remains narrower than the desired production rule and needs more direct evidence."
MLK-NIFAS-29,maliki,PARTIAL_EVIDENCE,INSUFFICIENT_EVIDENCE,FAIL_CLOSED,"Pregnancy-loss/Nifas classification has partial support plus comparative corroboration but still needs a precise Maliki criterion."
MLK-NIFAS-35,maliki,SCHOLAR_CLARIFICATION_REQUIRED,CONFLICT_OR_JUDGMENT_REQUIRED,FAIL_CLOSED,"Multiple-birth Nifas treatment contains school-specific detail that requires a relied-upon formulation."
MLK-TRANS-38,maliki,SCHOLAR_CLARIFICATION_REQUIRED,CONFLICT_OR_JUDGMENT_REQUIRED,FAIL_CLOSED,"Prayer-time transition after purity depends on precise timing and obligation conditions."
MLK-TRANS-39,maliki,SCHOLAR_CLARIFICATION_REQUIRED,CONFLICT_OR_JUDGMENT_REQUIRED,FAIL_CLOSED,"Prayer-time transition when bleeding begins requires a Maliki-specific decision rule rather than generic inference."
MLK-TRANS-41,maliki,PARTIAL_EVIDENCE,INSUFFICIENT_EVIDENCE,FAIL_CLOSED,"Fasting transition edge condition remains only partially supported for the intended production wording."
SHF-HAID-03,shafii,SCHOLAR_CLARIFICATION_REQUIRED,CONFLICT_OR_JUDGMENT_REQUIRED,FAIL_CLOSED,"Pregnancy bleeding in Shafi'i treatment contains relied-upon-view nuance that should not be inferred from generic summaries."
SHF-HAID-09,shafii,SCHOLAR_CLARIFICATION_REQUIRED,CONFLICT_OR_JUDGMENT_REQUIRED,FAIL_CLOSED,"Colored discharge after apparent purity depends on exact Shafi'i conditions and timing."
SHF-TAHARA-10,shafii,PARTIAL_EVIDENCE,INSUFFICIENT_EVIDENCE,FAIL_CLOSED,"Dryness has supporting evidence but the intended standalone Tahara-state wording remains under-specified."
SHF-HAID-12,shafii,SCHOLAR_CLARIFICATION_REQUIRED,CONFLICT_OR_JUDGMENT_REQUIRED,FAIL_CLOSED,"Intermittent dryness/interposed purity requires a Shafi'i-specific decision rule."
SHF-HAID-13,shafii,SCHOLAR_CLARIFICATION_REQUIRED,CONFLICT_OR_JUDGMENT_REQUIRED,FAIL_CLOSED,"Resumed bleeding after apparent purity cannot be safely reduced without applying school-specific duration and continuity rules."
SHF-NIFAS-29,shafii,SCHOLAR_CLARIFICATION_REQUIRED,CONFLICT_OR_JUDGMENT_REQUIRED,FAIL_CLOSED,"Pregnancy-loss/Nifas criterion requires precise relied-upon Shafi'i formulation."
SHF-NIFAS-32,shafii,SCHOLAR_CLARIFICATION_REQUIRED,CONFLICT_OR_JUDGMENT_REQUIRED,FAIL_CLOSED,"Early cessation of Nifas plus resumed bleeding requires explicit transition logic."
SHF-NIFAS-33,shafii,SCHOLAR_CLARIFICATION_REQUIRED,CONFLICT_OR_JUDGMENT_REQUIRED,FAIL_CLOSED,"Resumed bleeding within possible Nifas has school-specific continuity rules requiring interpretation."
SHF-NIFAS-35,shafii,SCHOLAR_CLARIFICATION_REQUIRED,CONFLICT_OR_JUDGMENT_REQUIRED,FAIL_CLOSED,"Multiple-birth Nifas treatment requires precise school-specific formulation."
SHF-NIFAS-37,shafii,PARTIAL_EVIDENCE,INSUFFICIENT_EVIDENCE,FAIL_CLOSED,"Ghusl-after-Nifas production wording is only partially supported by the currently mapped locators."
SHF-TRANS-45,shafii,SCHOLAR_CLARIFICATION_REQUIRED,CONFLICT_OR_JUDGMENT_REQUIRED,FAIL_CLOSED,"Uncertain/mutahayyira transition state requires jurisprudential application beyond a simple web-verification rule."
HNB-TAHARA-11,hanbali,PARTIAL_EVIDENCE,INSUFFICIENT_EVIDENCE,FAIL_CLOSED,"White-discharge/Tahara proposition has incomplete direct support for the exact intended state transition."
HNB-HAID-14,hanbali,SCHOLAR_CLARIFICATION_REQUIRED,CONFLICT_OR_JUDGMENT_REQUIRED,FAIL_CLOSED,"First-time bleeder classification contains Hanbali nuance that needs a relied-upon production formulation."
HNB-HAID-16,hanbali,SCHOLAR_CLARIFICATION_REQUIRED,CONFLICT_OR_JUDGMENT_REQUIRED,FAIL_CLOSED,"Habit timing change requires explicit Hanbali conditions and cannot be inferred from a generic habit rule."
HNB-HAID-17,hanbali,SCHOLAR_CLARIFICATION_REQUIRED,CONFLICT_OR_JUDGMENT_REQUIRED,FAIL_CLOSED,"Habit duration change requires explicit Hanbali conditions and edge-case handling."
HNB-NIFAS-29,hanbali,SCHOLAR_CLARIFICATION_REQUIRED,CONFLICT_OR_JUDGMENT_REQUIRED,FAIL_CLOSED,"Pregnancy-loss/Nifas classification requires precise relied-upon Hanbali criteria."
HNB-NIFAS-33,hanbali,SCHOLAR_CLARIFICATION_REQUIRED,CONFLICT_OR_JUDGMENT_REQUIRED,FAIL_CLOSED,"Resumed bleeding in the Nifas window has a comparative source plus classical support but still requires school-specific application."
HNB-TRANS-40,hanbali,PARTIAL_EVIDENCE,INSUFFICIENT_EVIDENCE,FAIL_CLOSED,"Primary comparative evidence is suitable, but the secondary source is corroborative only and the intended transition rule remains partial."
HNB-TRANS-45,hanbali,SCHOLAR_CLARIFICATION_REQUIRED,CONFLICT_OR_JUDGMENT_REQUIRED,FAIL_CLOSED,"Uncertain bleeding-state transition requires Hanbali jurisprudential judgment rather than source-existence verification."
