review_id,madhhab,evidence_status,primary_host,primary_quality,secondary_host,secondary_quality,quality_flag,notes
HNF-HAID-01,hanafi,LOCATOR_VERIFIED,,OTHER_REVIEW_REQUIRED,,OTHER_REVIEW_REQUIRED,NEEDS_PRIMARY_SOURCE_HARDENING,Primary evidence currently relies on a secondary/quoting host; normalize to direct classical source or official edition before publication.
HNF-HAID-02,hanafi,LOCATOR_VERIFIED,,OTHER_REVIEW_REQUIRED,,OTHER_REVIEW_REQUIRED,NEEDS_PRIMARY_SOURCE_HARDENING,Primary evidence currently relies on a secondary/quoting host; normalize to direct classical source or official edition before publication.
HNF-HAID-03,hanafi,LOCATOR_VERIFIED,,OTHER_REVIEW_REQUIRED,,MISSING,NEEDS_PRIMARY_SOURCE_HARDENING,Primary evidence currently relies on a secondary/quoting host; normalize to direct classical source or official edition before publication.
HNF-HAID-04,hanafi,LOCATOR_VERIFIED,,OTHER_REVIEW_REQUIRED,,OTHER_REVIEW_REQUIRED,NEEDS_PRIMARY_SOURCE_HARDENING,Primary evidence currently relies on a secondary/quoting host; normalize to direct classical source or official edition before publication.
HNF-HAID-05,hanafi,LOCATOR_VERIFIED,,OTHER_REVIEW_REQUIRED,,OTHER_REVIEW_REQUIRED,NEEDS_PRIMARY_SOURCE_HARDENING,Primary evidence currently relies on a secondary/quoting host; normalize to direct classical source or official edition before publication.
HNF-HAID-06,hanafi,LOCATOR_VERIFIED,,OTHER_REVIEW_REQUIRED,,OTHER_REVIEW_REQUIRED,NEEDS_PRIMARY_SOURCE_HARDENING,Primary evidence currently relies on a secondary/quoting host; normalize to direct classical source or official edition before publication.
HNF-HAID-07,hanafi,LOCATOR_VERIFIED,,OTHER_REVIEW_REQUIRED,,MISSING,NEEDS_PRIMARY_SOURCE_HARDENING,Primary evidence currently relies on a secondary/quoting host; normalize to direct classical source or official edition before publication.
HNF-HAID-08,hanafi,LOCATOR_VERIFIED,,OTHER_REVIEW_REQUIRED,,OTHER_REVIEW_REQUIRED,NEEDS_PRIMARY_SOURCE_HARDENING,Primary evidence currently relies on a secondary/quoting host; normalize to direct classical source or official edition before publication.
HNF-HAID-09,hanafi,SCHOLAR_CLARIFICATION_REQUIRED,,OTHER_REVIEW_REQUIRED,,OTHER_REVIEW_REQUIRED,NEEDS_PRIMARY_SOURCE_HARDENING,Primary evidence currently relies on a secondary/quoting host; normalize to direct classical source or official edition before publication.
HNF-TAHARA-10,hanafi,PARTIAL_EVIDENCE,,OTHER_REVIEW_REQUIRED,,MISSING,NEEDS_PRIMARY_SOURCE_HARDENING,Primary evidence currently relies on a secondary/quoting host; normalize to direct classical source or official edition before publication.
HNF-TAHARA-11,hanafi,PARTIAL_EVIDENCE,,OTHER_REVIEW_REQUIRED,,OTHER_REVIEW_REQUIRED,NEEDS_PRIMARY_SOURCE_HARDENING,Primary evidence currently relies on a secondary/quoting host; normalize to direct classical source or official edition before publication.
HNF-HAID-12,hanafi,SCHOLAR_CLARIFICATION_REQUIRED,,OTHER_REVIEW_REQUIRED,,OTHER_REVIEW_REQUIRED,NEEDS_PRIMARY_SOURCE_HARDENING,Primary evidence currently relies on a secondary/quoting host; normalize to direct classical source or official edition before publication.
HNF-HAID-13,hanafi,SCHOLAR_CLARIFICATION_REQUIRED,,OTHER_REVIEW_REQUIRED,,OTHER_REVIEW_REQUIRED,NEEDS_PRIMARY_SOURCE_HARDENING,Primary evidence currently relies on a secondary/quoting host; normalize to direct classical source or official edition before publication.
HNF-HAID-14,hanafi,LOCATOR_VERIFIED,,OTHER_REVIEW_REQUIRED,,OTHER_REVIEW_REQUIRED,NEEDS_PRIMARY_SOURCE_HARDENING,Primary evidence currently relies on a secondary/quoting host; normalize to direct classical source or official edition before publication.
HNF-HAID-15,hanafi,LOCATOR_VERIFIED,,OTHER_REVIEW_REQUIRED,,MISSING,NEEDS_PRIMARY_SOURCE_HARDENING,Primary evidence currently relies on a secondary/quoting host; normalize to direct classical source or official edition before publication.
HNF-HAID-16,hanafi,PARTIAL_EVIDENCE,,OTHER_REVIEW_REQUIRED,,MISSING,NEEDS_PRIMARY_SOURCE_HARDENING,Primary evidence currently relies on a secondary/quoting host; normalize to direct classical source or official edition before publication.
HNF-HAID-17,hanafi,PARTIAL_EVIDENCE,,OTHER_REVIEW_REQUIRED,,OTHER_REVIEW_REQUIRED,NEEDS_PRIMARY_SOURCE_HARDENING,Primary evidence currently relies on a secondary/quoting host; normalize to direct classical source or official edition before publication.
HNF-HAID-18,hanafi,LOCATOR_VERIFIED,,OTHER_REVIEW_REQUIRED,,OTHER_REVIEW_REQUIRED,NEEDS_PRIMARY_SOURCE_HARDENING,Primary evidence currently relies on a secondary/quoting host; normalize to direct classical source or official edition before publication.
HNF-HAID-19,hanafi,SCHOLAR_CLARIFICATION_REQUIRED,,OTHER_REVIEW_REQUIRED,,OTHER_REVIEW_REQUIRED,NEEDS_PRIMARY_SOURCE_HARDENING,Primary evidence currently relies on a secondary/quoting host; normalize to direct classical source or official edition before publication.
HNF-ISTI-20,hanafi,LOCATOR_VERIFIED,,OTHER_REVIEW_REQUIRED,,OTHER_REVIEW_REQUIRED,NEEDS_PRIMARY_SOURCE_HARDENING,Primary evidence currently relies on a secondary/quoting host; normalize to direct classical source or official edition before publication.
HNF-ISTI-21,hanafi,LOCATOR_VERIFIED,,OTHER_REVIEW_REQUIRED,,OTHER_REVIEW_REQUIRED,NEEDS_PRIMARY_SOURCE_HARDENING,Primary evidence currently relies on a secondary/quoting host; normalize to direct classical source or official edition before publication.
HNF-ISTI-22,hanafi,SCHOLAR_CLARIFICATION_REQUIRED,,OTHER_REVIEW_REQUIRED,,MISSING,NEEDS_PRIMARY_SOURCE_HARDENING,Primary evidence currently relies on a secondary/quoting host; normalize to direct classical source or official edition before publication.
HNF-ISTI-23,hanafi,LOCATOR_VERIFIED,,OTHER_REVIEW_REQUIRED,,OTHER_REVIEW_REQUIRED,NEEDS_PRIMARY_SOURCE_HARDENING,Primary evidence currently relies on a secondary/quoting host; normalize to direct classical source or official edition before publication.
HNF-ISTI-24,hanafi,LOCATOR_VERIFIED,,OTHER_REVIEW_REQUIRED,,OTHER_REVIEW_REQUIRED,NEEDS_PRIMARY_SOURCE_HARDENING,Primary evidence currently relies on a secondary/quoting host; normalize to direct classical source or official edition before publication.
HNF-ISTI-25,hanafi,LOCATOR_VERIFIED,,OTHER_REVIEW_REQUIRED,,OTHER_REVIEW_REQUIRED,NEEDS_PRIMARY_SOURCE_HARDENING,Primary evidence currently relies on a secondary/quoting host; normalize to direct classical source or official edition before publication.
HNF-ISTI-26,hanafi,LOCATOR_VERIFIED,,OTHER_REVIEW_REQUIRED,,MISSING,NEEDS_PRIMARY_SOURCE_HARDENING,Primary evidence currently relies on a secondary/quoting host; normalize to direct classical source or official edition before publication.
HNF-ISTI-27,hanafi,LOCATOR_VERIFIED,,OTHER_REVIEW_REQUIRED,,OTHER_REVIEW_REQUIRED,NEEDS_PRIMARY_SOURCE_HARDENING,Primary evidence currently relies on a secondary/quoting host; normalize to direct classical source or official edition before publication.
HNF-NIFAS-28,hanafi,LOCATOR_VERIFIED,,OTHER_REVIEW_REQUIRED,,OTHER_REVIEW_REQUIRED,NEEDS_PRIMARY_SOURCE_HARDENING,Primary evidence currently relies on a secondary/quoting host; normalize to direct classical source or official edition before publication.
HNF-NIFAS-29,hanafi,LOCATOR_VERIFIED,,OTHER_REVIEW_REQUIRED,,MISSING,NEEDS_PRIMARY_SOURCE_HARDENING,Primary evidence currently relies on a secondary/quoting host; normalize to direct classical source or official edition before publication.
HNF-NIFAS-30,hanafi,LOCATOR_VERIFIED,,OTHER_REVIEW_REQUIRED,,OTHER_REVIEW_REQUIRED,NEEDS_PRIMARY_SOURCE_HARDENING,Primary evidence currently relies on a secondary/quoting host; normalize to direct classical source or official edition before publication.
HNF-NIFAS-31,hanafi,LOCATOR_VERIFIED,,OTHER_REVIEW_REQUIRED,,OTHER_REVIEW_REQUIRED,NEEDS_PRIMARY_SOURCE_HARDENING,Primary evidence currently relies on a secondary/quoting host; normalize to direct classical source or official edition before publication.
HNF-NIFAS-32,hanafi,SCHOLAR_CLARIFICATION_REQUIRED,,OTHER_REVIEW_REQUIRED,,OTHER_REVIEW_REQUIRED,NEEDS_PRIMARY_SOURCE_HARDENING,Primary evidence currently relies on a secondary/quoting host; normalize to direct classical source or official edition before publication.
HNF-NIFAS-33,hanafi,LOCATOR_VERIFIED,,OTHER_REVIEW_REQUIRED,,MISSING,NEEDS_PRIMARY_SOURCE_HARDENING,Primary evidence currently relies on a secondary/quoting host; normalize to direct classical source or official edition before publication.
HNF-NIFAS-34,hanafi,LOCATOR_VERIFIED,,OTHER_REVIEW_REQUIRED,,OTHER_REVIEW_REQUIRED,NEEDS_PRIMARY_SOURCE_HARDENING,Primary evidence currently relies on a secondary/quoting host; normalize to direct classical source or official edition before publication.
HNF-NIFAS-35,hanafi,LOCATOR_VERIFIED,,OTHER_REVIEW_REQUIRED,,MISSING,NEEDS_PRIMARY_SOURCE_HARDENING,Primary evidence currently relies on a secondary/quoting host; normalize to direct classical source or official edition before publication.
HNF-NIFAS-36,hanafi,LOCATOR_VERIFIED,,OTHER_REVIEW_REQUIRED,,OTHER_REVIEW_REQUIRED,NEEDS_PRIMARY_SOURCE_HARDENING,Primary evidence currently relies on a secondary/quoting host; normalize to direct classical source or official edition before publication.
HNF-NIFAS-37,hanafi,PARTIAL_EVIDENCE,,OTHER_REVIEW_REQUIRED,,MISSING,NEEDS_PRIMARY_SOURCE_HARDENING,Primary evidence currently relies on a secondary/quoting host; normalize to direct classical source or official edition before publication.
HNF-TRANS-38,hanafi,LOCATOR_VERIFIED,,OTHER_REVIEW_REQUIRED,,MISSING,NEEDS_PRIMARY_SOURCE_HARDENING,Primary evidence currently relies on a secondary/quoting host; normalize to direct classical source or official edition before publication.
HNF-TRANS-39,hanafi,PARTIAL_EVIDENCE,,OTHER_REVIEW_REQUIRED,,MISSING,NEEDS_PRIMARY_SOURCE_HARDENING,Primary evidence currently relies on a secondary/quoting host; normalize to direct classical source or official edition before publication.
HNF-TRANS-40,hanafi,LOCATOR_VERIFIED,,OTHER_REVIEW_REQUIRED,,MISSING,NEEDS_PRIMARY_SOURCE_HARDENING,Primary evidence currently relies on a secondary/quoting host; normalize to direct classical source or official edition before publication.
HNF-TRANS-41,hanafi,LOCATOR_VERIFIED,,OTHER_REVIEW_REQUIRED,,OTHER_REVIEW_REQUIRED,NEEDS_PRIMARY_SOURCE_HARDENING,Primary evidence currently relies on a secondary/quoting host; normalize to direct classical source or official edition before publication.
HNF-TRANS-42,hanafi,LOCATOR_VERIFIED,,OTHER_REVIEW_REQUIRED,,OTHER_REVIEW_REQUIRED,NEEDS_PRIMARY_SOURCE_HARDENING,Primary evidence currently relies on a secondary/quoting host; normalize to direct classical source or official edition before publication.
HNF-TRANS-43,hanafi,LOCATOR_VERIFIED,,OTHER_REVIEW_REQUIRED,,OTHER_REVIEW_REQUIRED,NEEDS_PRIMARY_SOURCE_HARDENING,Primary evidence currently relies on a secondary/quoting host; normalize to direct classical source or official edition before publication.
HNF-TRANS-44,hanafi,LOCATOR_VERIFIED,,OTHER_REVIEW_REQUIRED,,OTHER_REVIEW_REQUIRED,NEEDS_PRIMARY_SOURCE_HARDENING,Primary evidence currently relies on a secondary/quoting host; normalize to direct classical source or official edition before publication.
HNF-TRANS-45,hanafi,LOCATOR_VERIFIED,,OTHER_REVIEW_REQUIRED,,MISSING,NEEDS_PRIMARY_SOURCE_HARDENING,Primary evidence currently relies on a secondary/quoting host; normalize to direct classical source or official edition before publication.
MLK-HAID-01,maliki,LOCATOR_VERIFIED,,OTHER_REVIEW_REQUIRED,,OTHER_REVIEW_REQUIRED,NEEDS_PRIMARY_SOURCE_HARDENING,Primary evidence currently relies on a secondary/quoting host; normalize to direct classical source or official edition before publication.
MLK-HAID-02,maliki,SCHOLAR_CLARIFICATION_REQUIRED,,OTHER_REVIEW_REQUIRED,,MISSING,NEEDS_PRIMARY_SOURCE_HARDENING,Primary evidence currently relies on a secondary/quoting host; normalize to direct classical source or official edition before publication.
MLK-HAID-03,maliki,LOCATOR_VERIFIED,,OTHER_REVIEW_REQUIRED,,MISSING,NEEDS_PRIMARY_SOURCE_HARDENING,Primary evidence currently relies on a secondary/quoting host; normalize to direct classical source or official edition before publication.
MLK-HAID-04,maliki,LOCATOR_VERIFIED,,OTHER_REVIEW_REQUIRED,,OTHER_REVIEW_REQUIRED,NEEDS_PRIMARY_SOURCE_HARDENING,Primary evidence currently relies on a secondary/quoting host; normalize to direct classical source or official edition before publication.
MLK-HAID-05,maliki,SCHOLAR_CLARIFICATION_REQUIRED,,OTHER_REVIEW_REQUIRED,,MISSING,NEEDS_PRIMARY_SOURCE_HARDENING,Primary evidence currently relies on a secondary/quoting host; normalize to direct classical source or official edition before publication.
MLK-HAID-06,maliki,LOCATOR_VERIFIED,,OTHER_REVIEW_REQUIRED,,MISSING,NEEDS_PRIMARY_SOURCE_HARDENING,Primary evidence currently relies on a secondary/quoting host; normalize to direct classical source or official edition before publication.
MLK-HAID-07,maliki,LOCATOR_VERIFIED,,OTHER_REVIEW_REQUIRED,,MISSING,NEEDS_PRIMARY_SOURCE_HARDENING,Primary evidence currently relies on a secondary/quoting host; normalize to direct classical source or official edition before publication.
MLK-HAID-08,maliki,LOCATOR_VERIFIED,,OTHER_REVIEW_REQUIRED,,OTHER_REVIEW_REQUIRED,NEEDS_PRIMARY_SOURCE_HARDENING,Primary evidence currently relies on a secondary/quoting host; normalize to direct classical source or official edition before publication.
MLK-HAID-09,maliki,SCHOLAR_CLARIFICATION_REQUIRED,,OTHER_REVIEW_REQUIRED,,OTHER_REVIEW_REQUIRED,NEEDS_PRIMARY_SOURCE_HARDENING,Primary evidence currently relies on a secondary/quoting host; normalize to direct classical source or official edition before publication.
MLK-TAHARA-10,maliki,LOCATOR_VERIFIED,,OTHER_REVIEW_REQUIRED,,MISSING,NEEDS_PRIMARY_SOURCE_HARDENING,Primary evidence currently relies on a secondary/quoting host; normalize to direct classical source or official edition before publication.
MLK-TAHARA-11,maliki,LOCATOR_VERIFIED,,OTHER_REVIEW_REQUIRED,,MISSING,NEEDS_PRIMARY_SOURCE_HARDENING,Primary evidence currently relies on a secondary/quoting host; normalize to direct classical source or official edition before publication.
MLK-HAID-12,maliki,LOCATOR_VERIFIED,,OTHER_REVIEW_REQUIRED,,MISSING,NEEDS_PRIMARY_SOURCE_HARDENING,Primary evidence currently relies on a secondary/quoting host; normalize to direct classical source or official edition before publication.
MLK-HAID-13,maliki,LOCATOR_VERIFIED,,OTHER_REVIEW_REQUIRED,,OTHER_REVIEW_REQUIRED,NEEDS_PRIMARY_SOURCE_HARDENING,Primary evidence currently relies on a secondary/quoting host; normalize to direct classical source or official edition before publication.
MLK-HAID-14,maliki,LOCATOR_VERIFIED,,OTHER_REVIEW_REQUIRED,,MISSING,NEEDS_PRIMARY_SOURCE_HARDENING,Primary evidence currently relies on a secondary/quoting host; normalize to direct classical source or official edition before publication.
MLK-HAID-15,maliki,LOCATOR_VERIFIED,,OTHER_REVIEW_REQUIRED,,MISSING,NEEDS_PRIMARY_SOURCE_HARDENING,Primary evidence currently relies on a secondary/quoting host; normalize to direct classical source or official edition before publication.
MLK-HAID-16,maliki,PARTIAL_EVIDENCE,,OTHER_REVIEW_REQUIRED,,MISSING,NEEDS_PRIMARY_SOURCE_HARDENING,Primary evidence currently relies on a secondary/quoting host; normalize to direct classical source or official edition before publication.
MLK-HAID-17,maliki,LOCATOR_VERIFIED,,OTHER_REVIEW_REQUIRED,,MISSING,NEEDS_PRIMARY_SOURCE_HARDENING,Primary evidence currently relies on a secondary/quoting host; normalize to direct classical source or official edition before publication.
MLK-HAID-18,maliki,LOCATOR_VERIFIED,,OTHER_REVIEW_REQUIRED,,MISSING,NEEDS_PRIMARY_SOURCE_HARDENING,Primary evidence currently relies on a secondary/quoting host; normalize to direct classical source or official edition before publication.
MLK-HAID-19,maliki,SCHOLAR_CLARIFICATION_REQUIRED,,OTHER_REVIEW_REQUIRED,,MISSING,NEEDS_PRIMARY_SOURCE_HARDENING,Primary evidence currently relies on a secondary/quoting host; normalize to direct classical source or official edition before publication.
MLK-ISTI-20,maliki,LOCATOR_VERIFIED,,OTHER_REVIEW_REQUIRED,,OTHER_REVIEW_REQUIRED,NEEDS_PRIMARY_SOURCE_HARDENING,Primary evidence currently relies on a secondary/quoting host; normalize to direct classical source or official edition before publication.
MLK-ISTI-21,maliki,LOCATOR_VERIFIED,,OTHER_REVIEW_REQUIRED,,MISSING,NEEDS_PRIMARY_SOURCE_HARDENING,Primary evidence currently relies on a secondary/quoting host; normalize to direct classical source or official edition before publication.
MLK-ISTI-22,maliki,LOCATOR_VERIFIED,,OTHER_REVIEW_REQUIRED,,MISSING,NEEDS_PRIMARY_SOURCE_HARDENING,Primary evidence currently relies on a secondary/quoting host; normalize to direct classical source or official edition before publication.
MLK-ISTI-23,maliki,LOCATOR_VERIFIED,,OTHER_REVIEW_REQUIRED,,OTHER_REVIEW_REQUIRED,NEEDS_PRIMARY_SOURCE_HARDENING,Primary evidence currently relies on a secondary/quoting host; normalize to direct classical source or official edition before publication.
MLK-ISTI-24,maliki,LOCATOR_VERIFIED,,OTHER_REVIEW_REQUIRED,,MISSING,NEEDS_PRIMARY_SOURCE_HARDENING,Primary evidence currently relies on a secondary/quoting host; normalize to direct classical source or official edition before publication.
MLK-ISTI-25,maliki,SCHOLAR_CLARIFICATION_REQUIRED,,OTHER_REVIEW_REQUIRED,,OTHER_REVIEW_REQUIRED,NEEDS_PRIMARY_SOURCE_HARDENING,Primary evidence currently relies on a secondary/quoting host; normalize to direct classical source or official edition before publication.
MLK-ISTI-26,maliki,LOCATOR_VERIFIED,,OTHER_REVIEW_REQUIRED,,MISSING,NEEDS_PRIMARY_SOURCE_HARDENING,Primary evidence currently relies on a secondary/quoting host; normalize to direct classical source or official edition before publication.
MLK-ISTI-27,maliki,PARTIAL_EVIDENCE,,OTHER_REVIEW_REQUIRED,,MISSING,NEEDS_PRIMARY_SOURCE_HARDENING,Primary evidence currently relies on a secondary/quoting host; normalize to direct classical source or official edition before publication.
MLK-NIFAS-28,maliki,LOCATOR_VERIFIED,,OTHER_REVIEW_REQUIRED,,OTHER_REVIEW_REQUIRED,NEEDS_PRIMARY_SOURCE_HARDENING,Primary evidence currently relies on a secondary/quoting host; normalize to direct classical source or official edition before publication.
MLK-NIFAS-29,maliki,PARTIAL_EVIDENCE,,OTHER_REVIEW_REQUIRED,,OTHER_REVIEW_REQUIRED,NEEDS_PRIMARY_SOURCE_HARDENING,Primary evidence currently relies on a secondary/quoting host; normalize to direct classical source or official edition before publication.
MLK-NIFAS-30,maliki,LOCATOR_VERIFIED,,OTHER_REVIEW_REQUIRED,,OTHER_REVIEW_REQUIRED,NEEDS_PRIMARY_SOURCE_HARDENING,Primary evidence currently relies on a secondary/quoting host; normalize to direct classical source or official edition before publication.
MLK-NIFAS-31,maliki,LOCATOR_VERIFIED,,OTHER_REVIEW_REQUIRED,,OTHER_REVIEW_REQUIRED,NEEDS_PRIMARY_SOURCE_HARDENING,Primary evidence currently relies on a secondary/quoting host; normalize to direct classical source or official edition before publication.
MLK-NIFAS-32,maliki,LOCATOR_VERIFIED,,OTHER_REVIEW_REQUIRED,,MISSING,NEEDS_PRIMARY_SOURCE_HARDENING,Primary evidence currently relies on a secondary/quoting host; normalize to direct classical source or official edition before publication.
MLK-NIFAS-33,maliki,LOCATOR_VERIFIED,,OTHER_REVIEW_REQUIRED,,MISSING,NEEDS_PRIMARY_SOURCE_HARDENING,Primary evidence currently relies on a secondary/quoting host; normalize to direct classical source or official edition before publication.
MLK-NIFAS-34,maliki,LOCATOR_VERIFIED,,OTHER_REVIEW_REQUIRED,,MISSING,NEEDS_PRIMARY_SOURCE_HARDENING,Primary evidence currently relies on a secondary/quoting host; normalize to direct classical source or official edition before publication.
MLK-NIFAS-35,maliki,SCHOLAR_CLARIFICATION_REQUIRED,,OTHER_REVIEW_REQUIRED,,OTHER_REVIEW_REQUIRED,NEEDS_PRIMARY_SOURCE_HARDENING,Primary evidence currently relies on a secondary/quoting host; normalize to direct classical source or official edition before publication.
MLK-NIFAS-36,maliki,LOCATOR_VERIFIED,,OTHER_REVIEW_REQUIRED,,OTHER_REVIEW_REQUIRED,NEEDS_PRIMARY_SOURCE_HARDENING,Primary evidence currently relies on a secondary/quoting host; normalize to direct classical source or official edition before publication.
MLK-NIFAS-37,maliki,LOCATOR_VERIFIED,,OTHER_REVIEW_REQUIRED,,OTHER_REVIEW_REQUIRED,NEEDS_PRIMARY_SOURCE_HARDENING,Primary evidence currently relies on a secondary/quoting host; normalize to direct classical source or official edition before publication.
MLK-TRANS-38,maliki,SCHOLAR_CLARIFICATION_REQUIRED,,OTHER_REVIEW_REQUIRED,,OTHER_REVIEW_REQUIRED,NEEDS_PRIMARY_SOURCE_HARDENING,Primary evidence currently relies on a secondary/quoting host; normalize to direct classical source or official edition before publication.
MLK-TRANS-39,maliki,SCHOLAR_CLARIFICATION_REQUIRED,,OTHER_REVIEW_REQUIRED,,OTHER_REVIEW_REQUIRED,NEEDS_PRIMARY_SOURCE_HARDENING,Primary evidence currently relies on a secondary/quoting host; normalize to direct classical source or official edition before publication.
MLK-TRANS-40,maliki,LOCATOR_VERIFIED,,OTHER_REVIEW_REQUIRED,,MISSING,NEEDS_PRIMARY_SOURCE_HARDENING,Primary evidence currently relies on a secondary/quoting host; normalize to direct classical source or official edition before publication.
MLK-TRANS-41,maliki,PARTIAL_EVIDENCE,,OTHER_REVIEW_REQUIRED,,MISSING,NEEDS_PRIMARY_SOURCE_HARDENING,Primary evidence currently relies on a secondary/quoting host; normalize to direct classical source or official edition before publication.
MLK-TRANS-42,maliki,LOCATOR_VERIFIED,,OTHER_REVIEW_REQUIRED,,OTHER_REVIEW_REQUIRED,NEEDS_PRIMARY_SOURCE_HARDENING,Primary evidence currently relies on a secondary/quoting host; normalize to direct classical source or official edition before publication.
MLK-TRANS-43,maliki,LOCATOR_VERIFIED,,OTHER_REVIEW_REQUIRED,,OTHER_REVIEW_REQUIRED,NEEDS_PRIMARY_SOURCE_HARDENING,Primary evidence currently relies on a secondary/quoting host; normalize to direct classical source or official edition before publication.
MLK-TRANS-44,maliki,LOCATOR_VERIFIED,,OTHER_REVIEW_REQUIRED,,MISSING,NEEDS_PRIMARY_SOURCE_HARDENING,Primary evidence currently relies on a secondary/quoting host; normalize to direct classical source or official edition before publication.
MLK-TRANS-45,maliki,LOCATOR_VERIFIED,,OTHER_REVIEW_REQUIRED,,OTHER_REVIEW_REQUIRED,NEEDS_PRIMARY_SOURCE_HARDENING,Primary evidence currently relies on a secondary/quoting host; normalize to direct classical source or official edition before publication.
SHF-HAID-01,shafii,LOCATOR_VERIFIED,,OTHER_REVIEW_REQUIRED,,OTHER_REVIEW_REQUIRED,NEEDS_PRIMARY_SOURCE_HARDENING,Primary evidence currently relies on a secondary/quoting host; normalize to direct classical source or official edition before publication.
SHF-HAID-02,shafii,LOCATOR_VERIFIED,,OTHER_REVIEW_REQUIRED,,MISSING,NEEDS_PRIMARY_SOURCE_HARDENING,Primary evidence currently relies on a secondary/quoting host; normalize to direct classical source or official edition before publication.
SHF-HAID-03,shafii,SCHOLAR_CLARIFICATION_REQUIRED,,OTHER_REVIEW_REQUIRED,,OTHER_REVIEW_REQUIRED,NEEDS_PRIMARY_SOURCE_HARDENING,Primary evidence currently relies on a secondary/quoting host; normalize to direct classical source or official edition before publication.
SHF-HAID-04,shafii,LOCATOR_VERIFIED,,OTHER_REVIEW_REQUIRED,,MISSING,NEEDS_PRIMARY_SOURCE_HARDENING,Primary evidence currently relies on a secondary/quoting host; normalize to direct classical source or official edition before publication.
SHF-HAID-05,shafii,LOCATOR_VERIFIED,,OTHER_REVIEW_REQUIRED,,MISSING,NEEDS_PRIMARY_SOURCE_HARDENING,Primary evidence currently relies on a secondary/quoting host; normalize to direct classical source or official edition before publication.
SHF-HAID-06,shafii,LOCATOR_VERIFIED,,OTHER_REVIEW_REQUIRED,,MISSING,NEEDS_PRIMARY_SOURCE_HARDENING,Primary evidence currently relies on a secondary/quoting host; normalize to direct classical source or official edition before publication.
SHF-HAID-07,shafii,LOCATOR_VERIFIED,,OTHER_REVIEW_REQUIRED,,MISSING,NEEDS_PRIMARY_SOURCE_HARDENING,Primary evidence currently relies on a secondary/quoting host; normalize to direct classical source or official edition before publication.
SHF-HAID-08,shafii,LOCATOR_VERIFIED,,OTHER_REVIEW_REQUIRED,,OTHER_REVIEW_REQUIRED,NEEDS_PRIMARY_SOURCE_HARDENING,Primary evidence currently relies on a secondary/quoting host; normalize to direct classical source or official edition before publication.
SHF-HAID-09,shafii,SCHOLAR_CLARIFICATION_REQUIRED,,OTHER_REVIEW_REQUIRED,,MISSING,NEEDS_PRIMARY_SOURCE_HARDENING,Primary evidence currently relies on a secondary/quoting host; normalize to direct classical source or official edition before publication.
SHF-TAHARA-10,shafii,PARTIAL_EVIDENCE,,OTHER_REVIEW_REQUIRED,,OTHER_REVIEW_REQUIRED,NEEDS_PRIMARY_SOURCE_HARDENING,Primary evidence currently relies on a secondary/quoting host; normalize to direct classical source or official edition before publication.
SHF-TAHARA-11,shafii,LOCATOR_VERIFIED,,OTHER_REVIEW_REQUIRED,,MISSING,NEEDS_PRIMARY_SOURCE_HARDENING,Primary evidence currently relies on a secondary/quoting host; normalize to direct classical source or official edition before publication.
SHF-HAID-12,shafii,SCHOLAR_CLARIFICATION_REQUIRED,,OTHER_REVIEW_REQUIRED,,OTHER_REVIEW_REQUIRED,NEEDS_PRIMARY_SOURCE_HARDENING,Primary evidence currently relies on a secondary/quoting host; normalize to direct classical source or official edition before publication.
SHF-HAID-13,shafii,SCHOLAR_CLARIFICATION_REQUIRED,,OTHER_REVIEW_REQUIRED,,OTHER_REVIEW_REQUIRED,NEEDS_PRIMARY_SOURCE_HARDENING,Primary evidence currently relies on a secondary/quoting host; normalize to direct classical source or official edition before publication.
SHF-HAID-14,shafii,LOCATOR_VERIFIED,,OTHER_REVIEW_REQUIRED,,OTHER_REVIEW_REQUIRED,NEEDS_PRIMARY_SOURCE_HARDENING,Primary evidence currently relies on a secondary/quoting host; normalize to direct classical source or official edition before publication.
SHF-HAID-15,shafii,LOCATOR_VERIFIED,,OTHER_REVIEW_REQUIRED,,MISSING,NEEDS_PRIMARY_SOURCE_HARDENING,Primary evidence currently relies on a secondary/quoting host; normalize to direct classical source or official edition before publication.
SHF-HAID-16,shafii,LOCATOR_VERIFIED,,OTHER_REVIEW_REQUIRED,,OTHER_REVIEW_REQUIRED,NEEDS_PRIMARY_SOURCE_HARDENING,Primary evidence currently relies on a secondary/quoting host; normalize to direct classical source or official edition before publication.
SHF-HAID-17,shafii,LOCATOR_VERIFIED,,OTHER_REVIEW_REQUIRED,,MISSING,NEEDS_PRIMARY_SOURCE_HARDENING,Primary evidence currently relies on a secondary/quoting host; normalize to direct classical source or official edition before publication.
SHF-HAID-18,shafii,LOCATOR_VERIFIED,,OTHER_REVIEW_REQUIRED,,OTHER_REVIEW_REQUIRED,NEEDS_PRIMARY_SOURCE_HARDENING,Primary evidence currently relies on a secondary/quoting host; normalize to direct classical source or official edition before publication.
SHF-HAID-19,shafii,LOCATOR_VERIFIED,,OTHER_REVIEW_REQUIRED,,MISSING,NEEDS_PRIMARY_SOURCE_HARDENING,Primary evidence currently relies on a secondary/quoting host; normalize to direct classical source or official edition before publication.
SHF-ISTI-20,shafii,LOCATOR_VERIFIED,,OTHER_REVIEW_REQUIRED,,OTHER_REVIEW_REQUIRED,NEEDS_PRIMARY_SOURCE_HARDENING,Primary evidence currently relies on a secondary/quoting host; normalize to direct classical source or official edition before publication.
SHF-ISTI-21,shafii,LOCATOR_VERIFIED,,OTHER_REVIEW_REQUIRED,,OTHER_REVIEW_REQUIRED,NEEDS_PRIMARY_SOURCE_HARDENING,Primary evidence currently relies on a secondary/quoting host; normalize to direct classical source or official edition before publication.
SHF-ISTI-22,shafii,LOCATOR_VERIFIED,,OTHER_REVIEW_REQUIRED,,OTHER_REVIEW_REQUIRED,NEEDS_PRIMARY_SOURCE_HARDENING,Primary evidence currently relies on a secondary/quoting host; normalize to direct classical source or official edition before publication.
SHF-ISTI-23,shafii,LOCATOR_VERIFIED,,OTHER_REVIEW_REQUIRED,,OTHER_REVIEW_REQUIRED,NEEDS_PRIMARY_SOURCE_HARDENING,Primary evidence currently relies on a secondary/quoting host; normalize to direct classical source or official edition before publication.
SHF-ISTI-24,shafii,LOCATOR_VERIFIED,,OTHER_REVIEW_REQUIRED,,OTHER_REVIEW_REQUIRED,NEEDS_PRIMARY_SOURCE_HARDENING,Primary evidence currently relies on a secondary/quoting host; normalize to direct classical source or official edition before publication.
SHF-ISTI-25,shafii,LOCATOR_VERIFIED,,OTHER_REVIEW_REQUIRED,,OTHER_REVIEW_REQUIRED,NEEDS_PRIMARY_SOURCE_HARDENING,Primary evidence currently relies on a secondary/quoting host; normalize to direct classical source or official edition before publication.
SHF-ISTI-26,shafii,LOCATOR_VERIFIED,,OTHER_REVIEW_REQUIRED,,OTHER_REVIEW_REQUIRED,NEEDS_PRIMARY_SOURCE_HARDENING,Primary evidence currently relies on a secondary/quoting host; normalize to direct classical source or official edition before publication.
SHF-ISTI-27,shafii,LOCATOR_VERIFIED,,OTHER_REVIEW_REQUIRED,,OTHER_REVIEW_REQUIRED,NEEDS_PRIMARY_SOURCE_HARDENING,Primary evidence currently relies on a secondary/quoting host; normalize to direct classical source or official edition before publication.
SHF-NIFAS-28,shafii,LOCATOR_VERIFIED,,OTHER_REVIEW_REQUIRED,,OTHER_REVIEW_REQUIRED,NEEDS_PRIMARY_SOURCE_HARDENING,Primary evidence currently relies on a secondary/quoting host; normalize to direct classical source or official edition before publication.
SHF-NIFAS-29,shafii,SCHOLAR_CLARIFICATION_REQUIRED,,OTHER_REVIEW_REQUIRED,,MISSING,NEEDS_PRIMARY_SOURCE_HARDENING,Primary evidence currently relies on a secondary/quoting host; normalize to direct classical source or official edition before publication.
SHF-NIFAS-30,shafii,LOCATOR_VERIFIED,,OTHER_REVIEW_REQUIRED,,OTHER_REVIEW_REQUIRED,NEEDS_PRIMARY_SOURCE_HARDENING,Primary evidence currently relies on a secondary/quoting host; normalize to direct classical source or official edition before publication.
SHF-NIFAS-31,shafii,LOCATOR_VERIFIED,,OTHER_REVIEW_REQUIRED,,OTHER_REVIEW_REQUIRED,NEEDS_PRIMARY_SOURCE_HARDENING,Primary evidence currently relies on a secondary/quoting host; normalize to direct classical source or official edition before publication.
SHF-NIFAS-32,shafii,SCHOLAR_CLARIFICATION_REQUIRED,,OTHER_REVIEW_REQUIRED,,OTHER_REVIEW_REQUIRED,NEEDS_PRIMARY_SOURCE_HARDENING,Primary evidence currently relies on a secondary/quoting host; normalize to direct classical source or official edition before publication.
SHF-NIFAS-33,shafii,SCHOLAR_CLARIFICATION_REQUIRED,,OTHER_REVIEW_REQUIRED,,MISSING,NEEDS_PRIMARY_SOURCE_HARDENING,Primary evidence currently relies on a secondary/quoting host; normalize to direct classical source or official edition before publication.
SHF-NIFAS-34,shafii,LOCATOR_VERIFIED,,OTHER_REVIEW_REQUIRED,,MISSING,NEEDS_PRIMARY_SOURCE_HARDENING,Primary evidence currently relies on a secondary/quoting host; normalize to direct classical source or official edition before publication.
SHF-NIFAS-35,shafii,SCHOLAR_CLARIFICATION_REQUIRED,,OTHER_REVIEW_REQUIRED,,MISSING,NEEDS_PRIMARY_SOURCE_HARDENING,Primary evidence currently relies on a secondary/quoting host; normalize to direct classical source or official edition before publication.
SHF-NIFAS-36,shafii,LOCATOR_VERIFIED,,OTHER_REVIEW_REQUIRED,,OTHER_REVIEW_REQUIRED,NEEDS_PRIMARY_SOURCE_HARDENING,Primary evidence currently relies on a secondary/quoting host; normalize to direct classical source or official edition before publication.
SHF-NIFAS-37,shafii,PARTIAL_EVIDENCE,,OTHER_REVIEW_REQUIRED,,OTHER_REVIEW_REQUIRED,NEEDS_PRIMARY_SOURCE_HARDENING,Primary evidence currently relies on a secondary/quoting host; normalize to direct classical source or official edition before publication.
SHF-TRANS-38,shafii,LOCATOR_VERIFIED,,OTHER_REVIEW_REQUIRED,,MISSING,NEEDS_PRIMARY_SOURCE_HARDENING,Primary evidence currently relies on a secondary/quoting host; normalize to direct classical source or official edition before publication.
SHF-TRANS-39,shafii,LOCATOR_VERIFIED,,OTHER_REVIEW_REQUIRED,,MISSING,NEEDS_PRIMARY_SOURCE_HARDENING,Primary evidence currently relies on a secondary/quoting host; normalize to direct classical source or official edition before publication.
SHF-TRANS-40,shafii,LOCATOR_VERIFIED,,OTHER_REVIEW_REQUIRED,,OTHER_REVIEW_REQUIRED,NEEDS_PRIMARY_SOURCE_HARDENING,Primary evidence currently relies on a secondary/quoting host; normalize to direct classical source or official edition before publication.
SHF-TRANS-41,shafii,LOCATOR_VERIFIED,,OTHER_REVIEW_REQUIRED,,MISSING,NEEDS_PRIMARY_SOURCE_HARDENING,Primary evidence currently relies on a secondary/quoting host; normalize to direct classical source or official edition before publication.
SHF-TRANS-42,shafii,LOCATOR_VERIFIED,,OTHER_REVIEW_REQUIRED,,MISSING,NEEDS_PRIMARY_SOURCE_HARDENING,Primary evidence currently relies on a secondary/quoting host; normalize to direct classical source or official edition before publication.
SHF-TRANS-43,shafii,LOCATOR_VERIFIED,,OTHER_REVIEW_REQUIRED,,OTHER_REVIEW_REQUIRED,NEEDS_PRIMARY_SOURCE_HARDENING,Primary evidence currently relies on a secondary/quoting host; normalize to direct classical source or official edition before publication.
SHF-TRANS-44,shafii,LOCATOR_VERIFIED,,OTHER_REVIEW_REQUIRED,,MISSING,NEEDS_PRIMARY_SOURCE_HARDENING,Primary evidence currently relies on a secondary/quoting host; normalize to direct classical source or official edition before publication.
SHF-TRANS-45,shafii,SCHOLAR_CLARIFICATION_REQUIRED,,OTHER_REVIEW_REQUIRED,,OTHER_REVIEW_REQUIRED,NEEDS_PRIMARY_SOURCE_HARDENING,Primary evidence currently relies on a secondary/quoting host; normalize to direct classical source or official edition before publication.
HNB-HAID-01,hanbali,LOCATOR_VERIFIED,,OTHER_REVIEW_REQUIRED,,MISSING,NEEDS_PRIMARY_SOURCE_HARDENING,Primary evidence currently relies on a secondary/quoting host; normalize to direct classical source or official edition before publication.
HNB-HAID-02,hanbali,LOCATOR_VERIFIED,,OTHER_REVIEW_REQUIRED,,MISSING,NEEDS_PRIMARY_SOURCE_HARDENING,Primary evidence currently relies on a secondary/quoting host; normalize to direct classical source or official edition before publication.
HNB-HAID-03,hanbali,LOCATOR_VERIFIED,,OTHER_REVIEW_REQUIRED,,OTHER_REVIEW_REQUIRED,NEEDS_PRIMARY_SOURCE_HARDENING,Primary evidence currently relies on a secondary/quoting host; normalize to direct classical source or official edition before publication.
HNB-HAID-04,hanbali,LOCATOR_VERIFIED,,OTHER_REVIEW_REQUIRED,,OTHER_REVIEW_REQUIRED,NEEDS_PRIMARY_SOURCE_HARDENING,Primary evidence currently relies on a secondary/quoting host; normalize to direct classical source or official edition before publication.
HNB-HAID-05,hanbali,LOCATOR_VERIFIED,,OTHER_REVIEW_REQUIRED,,MISSING,NEEDS_PRIMARY_SOURCE_HARDENING,Primary evidence currently relies on a secondary/quoting host; normalize to direct classical source or official edition before publication.
HNB-HAID-06,hanbali,LOCATOR_VERIFIED,,OTHER_REVIEW_REQUIRED,,OTHER_REVIEW_REQUIRED,NEEDS_PRIMARY_SOURCE_HARDENING,Primary evidence currently relies on a secondary/quoting host; normalize to direct classical source or official edition before publication.
HNB-HAID-07,hanbali,LOCATOR_VERIFIED,,OTHER_REVIEW_REQUIRED,,OTHER_REVIEW_REQUIRED,NEEDS_PRIMARY_SOURCE_HARDENING,Primary evidence currently relies on a secondary/quoting host; normalize to direct classical source or official edition before publication.
HNB-HAID-08,hanbali,LOCATOR_VERIFIED,,OTHER_REVIEW_REQUIRED,,MISSING,NEEDS_PRIMARY_SOURCE_HARDENING,Primary evidence currently relies on a secondary/quoting host; normalize to direct classical source or official edition before publication.
HNB-HAID-09,hanbali,LOCATOR_VERIFIED,,OTHER_REVIEW_REQUIRED,,MISSING,NEEDS_PRIMARY_SOURCE_HARDENING,Primary evidence currently relies on a secondary/quoting host; normalize to direct classical source or official edition before publication.
HNB-TAHARA-10,hanbali,LOCATOR_VERIFIED,,OTHER_REVIEW_REQUIRED,,OTHER_REVIEW_REQUIRED,NEEDS_PRIMARY_SOURCE_HARDENING,Primary evidence currently relies on a secondary/quoting host; normalize to direct classical source or official edition before publication.
HNB-TAHARA-11,hanbali,PARTIAL_EVIDENCE,,OTHER_REVIEW_REQUIRED,,MISSING,NEEDS_PRIMARY_SOURCE_HARDENING,Primary evidence currently relies on a secondary/quoting host; normalize to direct classical source or official edition before publication.
HNB-HAID-12,hanbali,LOCATOR_VERIFIED,,OTHER_REVIEW_REQUIRED,,OTHER_REVIEW_REQUIRED,NEEDS_PRIMARY_SOURCE_HARDENING,Primary evidence currently relies on a secondary/quoting host; normalize to direct classical source or official edition before publication.
HNB-HAID-13,hanbali,LOCATOR_VERIFIED,,OTHER_REVIEW_REQUIRED,,OTHER_REVIEW_REQUIRED,NEEDS_PRIMARY_SOURCE_HARDENING,Primary evidence currently relies on a secondary/quoting host; normalize to direct classical source or official edition before publication.
HNB-HAID-14,hanbali,SCHOLAR_CLARIFICATION_REQUIRED,,OTHER_REVIEW_REQUIRED,,OTHER_REVIEW_REQUIRED,NEEDS_PRIMARY_SOURCE_HARDENING,Primary evidence currently relies on a secondary/quoting host; normalize to direct classical source or official edition before publication.
HNB-HAID-15,hanbali,LOCATOR_VERIFIED,,OTHER_REVIEW_REQUIRED,,MISSING,NEEDS_PRIMARY_SOURCE_HARDENING,Primary evidence currently relies on a secondary/quoting host; normalize to direct classical source or official edition before publication.
HNB-HAID-16,hanbali,SCHOLAR_CLARIFICATION_REQUIRED,,OTHER_REVIEW_REQUIRED,,MISSING,NEEDS_PRIMARY_SOURCE_HARDENING,Primary evidence currently relies on a secondary/quoting host; normalize to direct classical source or official edition before publication.
HNB-HAID-17,hanbali,SCHOLAR_CLARIFICATION_REQUIRED,,OTHER_REVIEW_REQUIRED,,MISSING,NEEDS_PRIMARY_SOURCE_HARDENING,Primary evidence currently relies on a secondary/quoting host; normalize to direct classical source or official edition before publication.
HNB-HAID-18,hanbali,LOCATOR_VERIFIED,,OTHER_REVIEW_REQUIRED,,OTHER_REVIEW_REQUIRED,NEEDS_PRIMARY_SOURCE_HARDENING,Primary evidence currently relies on a secondary/quoting host; normalize to direct classical source or official edition before publication.
HNB-HAID-19,hanbali,LOCATOR_VERIFIED,,OTHER_REVIEW_REQUIRED,,OTHER_REVIEW_REQUIRED,NEEDS_PRIMARY_SOURCE_HARDENING,Primary evidence currently relies on a secondary/quoting host; normalize to direct classical source or official edition before publication.
HNB-ISTI-20,hanbali,LOCATOR_VERIFIED,,OTHER_REVIEW_REQUIRED,,OTHER_REVIEW_REQUIRED,NEEDS_PRIMARY_SOURCE_HARDENING,Primary evidence currently relies on a secondary/quoting host; normalize to direct classical source or official edition before publication.
HNB-ISTI-21,hanbali,LOCATOR_VERIFIED,,OTHER_REVIEW_REQUIRED,,MISSING,NEEDS_PRIMARY_SOURCE_HARDENING,Primary evidence currently relies on a secondary/quoting host; normalize to direct classical source or official edition before publication.
HNB-ISTI-22,hanbali,LOCATOR_VERIFIED,,OTHER_REVIEW_REQUIRED,,OTHER_REVIEW_REQUIRED,NEEDS_PRIMARY_SOURCE_HARDENING,Primary evidence currently relies on a secondary/quoting host; normalize to direct classical source or official edition before publication.
HNB-ISTI-23,hanbali,PARTIAL_EVIDENCE,,OTHER_REVIEW_REQUIRED,,OTHER_REVIEW_REQUIRED,NEEDS_PRIMARY_SOURCE_HARDENING,Primary evidence currently relies on a secondary/quoting host; normalize to direct classical source or official edition before publication.
HNB-ISTI-24,hanbali,LOCATOR_VERIFIED,,OTHER_REVIEW_REQUIRED,,OTHER_REVIEW_REQUIRED,NEEDS_PRIMARY_SOURCE_HARDENING,Primary evidence currently relies on a secondary/quoting host; normalize to direct classical source or official edition before publication.
HNB-ISTI-25,hanbali,LOCATOR_VERIFIED,,OTHER_REVIEW_REQUIRED,,OTHER_REVIEW_REQUIRED,NEEDS_PRIMARY_SOURCE_HARDENING,Primary evidence currently relies on a secondary/quoting host; normalize to direct classical source or official edition before publication.
HNB-ISTI-26,hanbali,LOCATOR_VERIFIED,,OTHER_REVIEW_REQUIRED,,OTHER_REVIEW_REQUIRED,NEEDS_PRIMARY_SOURCE_HARDENING,Primary evidence currently relies on a secondary/quoting host; normalize to direct classical source or official edition before publication.
HNB-ISTI-27,hanbali,PARTIAL_EVIDENCE,,OTHER_REVIEW_REQUIRED,,OTHER_REVIEW_REQUIRED,NEEDS_PRIMARY_SOURCE_HARDENING,Primary evidence currently relies on a secondary/quoting host; normalize to direct classical source or official edition before publication.
HNB-NIFAS-28,hanbali,LOCATOR_VERIFIED,,OTHER_REVIEW_REQUIRED,,OTHER_REVIEW_REQUIRED,NEEDS_PRIMARY_SOURCE_HARDENING,Primary evidence currently relies on a secondary/quoting host; normalize to direct classical source or official edition before publication.
HNB-NIFAS-29,hanbali,SCHOLAR_CLARIFICATION_REQUIRED,,OTHER_REVIEW_REQUIRED,,OTHER_REVIEW_REQUIRED,NEEDS_PRIMARY_SOURCE_HARDENING,Primary evidence currently relies on a secondary/quoting host; normalize to direct classical source or official edition before publication.
HNB-NIFAS-30,hanbali,LOCATOR_VERIFIED,,OTHER_REVIEW_REQUIRED,,MISSING,NEEDS_PRIMARY_SOURCE_HARDENING,Primary evidence currently relies on a secondary/quoting host; normalize to direct classical source or official edition before publication.
HNB-NIFAS-31,hanbali,LOCATOR_VERIFIED,,OTHER_REVIEW_REQUIRED,,OTHER_REVIEW_REQUIRED,NEEDS_PRIMARY_SOURCE_HARDENING,Primary evidence currently relies on a secondary/quoting host; normalize to direct classical source or official edition before publication.
HNB-NIFAS-32,hanbali,LOCATOR_VERIFIED,,OTHER_REVIEW_REQUIRED,,MISSING,NEEDS_PRIMARY_SOURCE_HARDENING,Primary evidence currently relies on a secondary/quoting host; normalize to direct classical source or official edition before publication.
HNB-NIFAS-33,hanbali,SCHOLAR_CLARIFICATION_REQUIRED,,OTHER_REVIEW_REQUIRED,,OTHER_REVIEW_REQUIRED,NEEDS_PRIMARY_SOURCE_HARDENING,Primary evidence currently relies on a secondary/quoting host; normalize to direct classical source or official edition before publication.
HNB-NIFAS-34,hanbali,LOCATOR_VERIFIED,,OTHER_REVIEW_REQUIRED,,OTHER_REVIEW_REQUIRED,NEEDS_PRIMARY_SOURCE_HARDENING,Primary evidence currently relies on a secondary/quoting host; normalize to direct classical source or official edition before publication.
HNB-NIFAS-35,hanbali,LOCATOR_VERIFIED,,OTHER_REVIEW_REQUIRED,,MISSING,NEEDS_PRIMARY_SOURCE_HARDENING,Primary evidence currently relies on a secondary/quoting host; normalize to direct classical source or official edition before publication.
HNB-NIFAS-36,hanbali,LOCATOR_VERIFIED,,OTHER_REVIEW_REQUIRED,,OTHER_REVIEW_REQUIRED,NEEDS_PRIMARY_SOURCE_HARDENING,Primary evidence currently relies on a secondary/quoting host; normalize to direct classical source or official edition before publication.
HNB-NIFAS-37,hanbali,LOCATOR_VERIFIED,,OTHER_REVIEW_REQUIRED,,OTHER_REVIEW_REQUIRED,NEEDS_PRIMARY_SOURCE_HARDENING,Primary evidence currently relies on a secondary/quoting host; normalize to direct classical source or official edition before publication.
HNB-TRANS-38,hanbali,LOCATOR_VERIFIED,,OTHER_REVIEW_REQUIRED,,OTHER_REVIEW_REQUIRED,NEEDS_PRIMARY_SOURCE_HARDENING,Primary evidence currently relies on a secondary/quoting host; normalize to direct classical source or official edition before publication.
HNB-TRANS-39,hanbali,LOCATOR_VERIFIED,,OTHER_REVIEW_REQUIRED,,OTHER_REVIEW_REQUIRED,NEEDS_PRIMARY_SOURCE_HARDENING,Primary evidence currently relies on a secondary/quoting host; normalize to direct classical source or official edition before publication.
HNB-TRANS-40,hanbali,PARTIAL_EVIDENCE,,OTHER_REVIEW_REQUIRED,,MISSING,NEEDS_PRIMARY_SOURCE_HARDENING,Primary evidence currently relies on a secondary/quoting host; normalize to direct classical source or official edition before publication.
HNB-TRANS-41,hanbali,LOCATOR_VERIFIED,,OTHER_REVIEW_REQUIRED,,OTHER_REVIEW_REQUIRED,NEEDS_PRIMARY_SOURCE_HARDENING,Primary evidence currently relies on a secondary/quoting host; normalize to direct classical source or official edition before publication.
HNB-TRANS-42,hanbali,LOCATOR_VERIFIED,,OTHER_REVIEW_REQUIRED,,MISSING,NEEDS_PRIMARY_SOURCE_HARDENING,Primary evidence currently relies on a secondary/quoting host; normalize to direct classical source or official edition before publication.
HNB-TRANS-43,hanbali,LOCATOR_VERIFIED,,OTHER_REVIEW_REQUIRED,,OTHER_REVIEW_REQUIRED,NEEDS_PRIMARY_SOURCE_HARDENING,Primary evidence currently relies on a secondary/quoting host; normalize to direct classical source or official edition before publication.
HNB-TRANS-44,hanbali,LOCATOR_VERIFIED,,OTHER_REVIEW_REQUIRED,,MISSING,NEEDS_PRIMARY_SOURCE_HARDENING,Primary evidence currently relies on a secondary/quoting host; normalize to direct classical source or official edition before publication.
HNB-TRANS-45,hanbali,SCHOLAR_CLARIFICATION_REQUIRED,,OTHER_REVIEW_REQUIRED,,OTHER_REVIEW_REQUIRED,NEEDS_PRIMARY_SOURCE_HARDENING,Primary evidence currently relies on a secondary/quoting host; normalize to direct classical source or official edition before publication.