review_id,issue,source_supported_proposition,primary_locator,primary_url,secondary_locator,secondary_url,evidence_status,notes
HNB-HAID-01,Qualifying bleeding,"Kashshaf al-Qina' defines Haid as natural uterine blood, not caused by childbirth, occurring in a woman capable of menstruation.",كشاف القناع، باب الحيض والاستحاضة والنفاس,https://islamweb.net/ar/library/content/16/397/,,,LOCATOR_VERIFIED,Scholar to approve final app wording.
HNB-HAID-02,Age / eligibility,The cited Hanbali treatment sets the minimum menstruating age at completion of nine lunar years; bleeding below that is not Haid.,كشاف القناع، باب الحيض والاستحاضة والنفاس,https://islamweb.net/ar/library/content/16/410/,,,LOCATOR_VERIFIED,Age calculation convention should be scholar-reviewed.
HNB-HAID-03,Pregnancy bleeding,"The relied-upon Hanbali text states that a pregnant woman does not menstruate; pregnancy bleeding is ordinarily treated as non-Haid, while blood immediately associated with labor can enter the Nifas rules.",كشاف القناع، باب الحيض والاستحاضة والنفاس,https://islamweb.net/ar/library/content/16/411/,كشاف القناع، فصل في النفاس,https://www.islamweb.net/ar/library/content/16/449/%D9%81%D8%B5%D9%84-%D9%81%D9%8A-%D8%A7%D9%84%D9%86%D9%81%D8%A7%D8%B3,LOCATOR_VERIFIED,High-impact difference from Maliki/Shafi'i; scholar approval required.
HNB-HAID-04,Minimum duration,The Hanbali minimum Haid duration in Kashshaf al-Qina' is one day and one night.,كشاف القناع، فصل والمبتدأ بها الدم,https://islamweb.net/ar/library/content/16/417/,كشاف القناع، فصل والمبتدأ بها الدم,https://www.islamweb.net/ar/library/content/16/420/%D9%81%D8%B5%D9%84-%D9%88%D8%A7%D9%84%D9%85%D8%A8%D8%AA%D8%AF%D8%A3-%D8%A8%D9%87%D8%A7-%D8%A7%D9%84%D8%AF%D9%85,LOCATOR_VERIFIED,
HNB-HAID-05,Maximum duration,The Hanbali maximum Haid duration in the cited source is fifteen days.,كشاف القناع، فصل والمبتدأ بها الدم,https://www.islamweb.net/ar/library/content/16/420/%D9%81%D8%B5%D9%84-%D9%88%D8%A7%D9%84%D9%85%D8%A8%D8%AA%D8%AF%D8%A3-%D8%A8%D9%87%D8%A7-%D8%A7%D9%84%D8%AF%D9%85,,,LOCATOR_VERIFIED,
HNB-HAID-06,Minimum Tuhr,The minimum complete purity interval between two distinct Haid episodes is thirteen days in the cited Hanbali text.,كشاف القناع، فصل المعتادة إذا استحيضت,https://www.islamweb.net/ar/library/content/16/434/%D9%81%D8%B5%D9%84-%D8%A7%D9%84%D9%85%D8%B9%D8%AA%D8%A7%D8%AF%D8%A9-%D8%A5%D8%B0%D8%A7-%D8%A7%D8%B3%D8%AA%D8%AD%D9%8A%D8%B6%D8%AA,كشاف القناع، أحكام الطهر,https://ablibrary.net/book_content/2200/239,LOCATOR_VERIFIED,
HNB-HAID-07,Maximum Tuhr,The cited Hanbali text states that there is no maximum duration of purity between menstrual episodes.,كشاف القناع، أحكام الطهر,https://ablibrary.net/book_content/2200/239,كشاف القناع، فصل المعتادة إذا استحيضت,https://www.islamweb.net/ar/library/content/16/429/%D9%81%D8%B5%D9%84-%D8%A7%D9%84%D9%85%D8%B9%D8%AA%D8%A7%D8%AF%D8%A9-%D8%A5%D8%B0%D8%A7-%D8%A7%D8%B3%D8%AA%D8%AD%D9%8A%D8%B6%D8%AA,LOCATOR_VERIFIED,
HNB-HAID-08,Yellow/brown before purity,Kashshaf al-Qina' treats yellow/brown discharge during the established habit as Haid.,كشاف القناع، أحكام الصفرة والكدرة، ص250 في النسخة المفهرسة,https://ablibrary.net/book_content/2200/250,,,LOCATOR_VERIFIED,Connected discharge outside a settled habit has additional nuance; scholar should approve the exact production rule.
HNB-HAID-09,Yellow/brown after purity / habit,"The cited Hanbali text states that yellow/brown discharge after the established habit is not Haid, even if repeated; it separately invokes the report that post-purity yellow/brown was not counted.",كشاف القناع، أحكام الصفرة والكدرة، ص250 في النسخة المفهرسة,https://ablibrary.net/book_content/2200/250,,,LOCATOR_VERIFIED,Need scholar wording to distinguish 'after habit' from other connected-discharge scenarios.
HNB-TAHARA-10,Dryness as sign of purity,"Kashshaf al-Qina' recognizes complete clean dryness—where inserted cotton is not discolored—as valid purity, even for a very short interval.",كشاف القناع، فصل المعتادة إذا استحيضت,https://www.islamweb.com/ar/library/content/16/432/%D9%81%D8%B5%D9%84-%D8%A7%D9%84%D9%85%D8%B9%D8%AA%D8%A7%D8%AF%D8%A9-%D8%A5%D8%B0%D8%A7-%D8%A7%D8%B3%D8%AA%D8%AD%D9%8A%D8%B6%D8%AA,كشاف القناع، ص248 في النسخة المفهرسة,https://ablibrary.net/book_content/b/3412/248,LOCATOR_VERIFIED,
HNB-TAHARA-11,White discharge,The cited Hanbali menstruation discussion recognizes the white discharge as a sign associated with the end of menstruation; the same source distinguishes it from yellow/brown menstrual discharge.,كشاف القناع، أحكام الصفرة والكدرة، ص250,https://ablibrary.net/book_content/2200/250,,,PARTIAL_EVIDENCE,Exact standalone state-transition wording for القصة البيضاء should receive scholar approval.
HNB-HAID-12,Intermittent dryness,Hanbali talfiq combines separated bleeding segments into one Haid when intervening purity is shorter than the minimum Tuhr and the overall span/amount can legally be Haid; genuine clean intervals themselves are treated as purity.,كشاف القناع، فصل في التلفيق,https://islamweb.net/ar/library/content/16/437/,كشاف القناع، فصل المعتادة إذا استحيضت,https://www.islamweb.com/ar/library/content/16/432/%D9%81%D8%B5%D9%84-%D8%A7%D9%84%D9%85%D8%B9%D8%AA%D8%A7%D8%AF%D8%A9-%D8%A5%D8%B0%D8%A7-%D8%A7%D8%B3%D8%AA%D8%AD%D9%8A%D8%B6%D8%AA,LOCATOR_VERIFIED,Algorithm must distinguish status of the dry interval from aggregation of bleeding segments.
HNB-HAID-13,Bleeding resumes after apparent purity,If blood returns within the established habit it is sat as Haid; later returning blood can be joined by talfiq or treated as a separate Haid only when the Hanbali maximum-Haid/minimum-Tuhr conditions are satisfied.,كشاف القناع، فصل المعتادة إذا استحيضت,https://www.islamweb.net/ar/library/content/16/433/%D9%81%D8%B5%D9%84-%D8%A7%D9%84%D9%85%D8%B9%D8%AA%D8%A7%D8%AF%D8%A9-%D8%A5%D8%B0%D8%A7-%D8%A7%D8%B3%D8%AA%D8%AD%D9%8A%D8%B6%D8%AA,كشاف القناع، فصل المعتادة إذا استحيضت,https://www.islamweb.net/ar/library/content/16/434/%D9%81%D8%B5%D9%84-%D8%A7%D9%84%D9%85%D8%B9%D8%AA%D8%A7%D8%AF%D8%A9-%D8%A5%D8%B0%D8%A7-%D8%A7%D8%B3%D8%AA%D8%AD%D9%8A%D8%B6%D8%AA,LOCATOR_VERIFIED,
HNB-HAID-14,First-time bleeder,"Under the text's conservative beginner rule, a first-time non-distinguishing bleeder initially sits the minimum Haid of one day/night; blood beyond that is treated cautiously until the pattern repeats, while valid tamyiz can control immediately.",كشاف القناع، فصل والمبتدأ بها الدم,https://www.islamweb.net/ar/library/content/16/420/%D9%81%D8%B5%D9%84-%D9%88%D8%A7%D9%84%D9%85%D8%A8%D8%AA%D8%AF%D8%A3-%D8%A8%D9%87%D8%A7-%D8%A7%D9%84%D8%AF%D9%85,كشاف القناع، المبتدأة المميزة,https://islamweb.net/ar/library/content/16/425/%D9%81%D8%B5%D9%84-%D9%88%D8%A7%D9%84%D9%85%D8%A8%D8%AA%D8%AF%D8%A3-%D8%A8%D9%87%D8%A7-%D8%A7%D9%84%D8%AF%D9%85,SCHOLAR_CLARIFICATION_REQUIRED,Later Hanbali selections differ from this conservative text rule; reviewer must choose the relied-upon product position.
HNB-HAID-15,Habit establishment,Kashshaf al-Qina' states that an established menstrual habit requires knowing the menstrual month/time and repetition over three months.,كشاف القناع، فصل المعتادة إذا استحيضت,https://www.islamweb.net/ar/library/content/16/429/%D9%81%D8%B5%D9%84-%D8%A7%D9%84%D9%85%D8%B9%D8%AA%D8%A7%D8%AF%D8%A9-%D8%A5%D8%B0%D8%A7-%D8%A7%D8%B3%D8%AA%D8%AD%D9%8A%D8%B6%D8%AA,,,LOCATOR_VERIFIED,There are later/alternate Hanbali selections on some repetition questions; scholar review remains required.
HNB-HAID-16,Habit timing change,"Kashshaf treats advancement, delay, or transfer of the established timing as a changed habit that in the stated text is not adopted until repeated three times; the same page records an alternate selection adopted by a number of later authorities.",كشاف القناع، فصل المعتادة إذا استحيضت,https://islamweb.net/ar/library/content/16/431/%D9%81%D8%B5%D9%84-%D8%A7%D9%84%D9%85%D8%B9%D8%AA%D8%A7%D8%AF%D8%A9-%D8%A5%D8%B0%D8%A7-%D8%A7%D8%B3%D8%AA%D8%AD%D9%8A%D8%B6%D8%AA,,,SCHOLAR_CLARIFICATION_REQUIRED,Explicit intra-Hanbali variant; do not hard-code without scholar decision.
HNB-HAID-17,Habit duration change,"An increase or other change in the established duration is treated in the cited text like a beginner's excess and ordinarily awaits three repetitions, while an alternate cited selection accepts the change without repetition.",كشاف القناع، فصل المعتادة إذا استحيضت,https://islamweb.net/ar/library/content/16/431/%D9%81%D8%B5%D9%84-%D8%A7%D9%84%D9%85%D8%B9%D8%AA%D8%A7%D8%AF%D8%A9-%D8%A5%D8%B0%D8%A7-%D8%A7%D8%B3%D8%AA%D8%AD%D9%8A%D8%B6%D8%AA,,,SCHOLAR_CLARIFICATION_REQUIRED,Needs founder/scholar selection of relied-upon Hanbali rule.
HNB-HAID-18,Bleeding beyond maximum,"Blood that exceeds the fifteen-day maximum cannot all be Haid; prolonged bleeding is routed into the Hanbali Istihada rules using habit, tamyiz, or fallback as applicable.",كشاف القناع، فصل المعتادة إذا استحيضت,https://www.islamweb.net/ar/library/content/16/433/%D9%81%D8%B5%D9%84-%D8%A7%D9%84%D9%85%D8%B9%D8%AA%D8%A7%D8%AF%D8%A9-%D8%A5%D8%B0%D8%A7-%D8%A7%D8%B3%D8%AA%D8%AD%D9%8A%D8%B6%D8%AA,كشاف القناع، فصل والمبتدأ بها الدم,https://www.islamweb.net/ar/library/content/16/420/%D9%81%D8%B5%D9%84-%D9%88%D8%A7%D9%84%D9%85%D8%A8%D8%AA%D8%AF%D8%A3-%D8%A8%D9%87%D8%A7-%D8%A7%D9%84%D8%AF%D9%85,LOCATOR_VERIFIED,
HNB-HAID-19,Conflicting evidence,"For a Mustahada who has both a known habit and distinguishable blood, Kashshaf al-Qina' gives the established habit precedence over tamyiz when they conflict; tamyiz is used when no controlling habit exists.",كشاف القناع، فصل المعتادة إذا استحيضت، ج1,https://www.islamweb.net/ar/library/content/16/428/%D9%81%D8%B5%D9%84-%D8%A7%D9%84%D9%85%D8%B9%D8%AA%D8%A7%D8%AF%D8%A9-%D8%A5%D8%B0%D8%A7-%D8%A7%D8%B3%D8%AA%D8%AD%D9%8A%D8%B6%D8%AA,كشاف القناع، المبتدأة المميزة,https://islamweb.net/ar/library/content/16/425/%D9%81%D8%B5%D9%84-%D9%88%D8%A7%D9%84%D9%85%D8%A8%D8%AA%D8%AF%D8%A3-%D8%A8%D9%87%D8%A7-%D8%A7%D9%84%D8%AF%D9%85,LOCATOR_VERIFIED,Direct classical-source locator now replaces the secondary summary. Valid tamyiz conditions still apply.
HNB-ISTI-20,Istihada definition,Hanbali sources treat non-qualifying/prolonged blood outside valid Haid or Nifas classification as Istihada/فساد and then apply the continuous-bleeding rules.,كشاف القناع، باب الحيض والاستحاضة والنفاس,https://islamweb.net/ar/library/content/16/397/,كشاف القناع، فصل المعتادة إذا استحيضت,https://www.islamweb.net/ar/library/content/16/433/%D9%81%D8%B5%D9%84-%D8%A7%D9%84%D9%85%D8%B9%D8%AA%D8%A7%D8%AF%D8%A9-%D8%A5%D8%B0%D8%A7-%D8%A7%D8%B3%D8%AA%D8%AD%D9%8A%D8%B6%D8%AA,LOCATOR_VERIFIED,
HNB-ISTI-21,Known habit + prolonged bleeding,A Mustahada with a reliable established habit returns to her habit for the Haid portion; the remaining continuous blood is Istihada.,كشاف القناع، فصل المعتادة إذا استحيضت,https://www.islamweb.net/ar/library/content/16/428/,,,LOCATOR_VERIFIED,
HNB-ISTI-22,Tamyiz / distinguishable blood,"When no controlling habit exists, valid tamyiz can classify stronger black/thick/foul blood as Haid and weaker red/thin blood as Istihada, subject to minimum/maximum timing conditions.",كشاف القناع، المبتدأة المميزة,https://islamweb.net/ar/library/content/16/425/%D9%81%D8%B5%D9%84-%D9%88%D8%A7%D9%84%D9%85%D8%A8%D8%AA%D8%AF%D8%A3-%D8%A8%D9%87%D8%A7-%D8%A7%D9%84%D8%AF%D9%85,المغني، باب الحيض، مسائل التمييز,https://www.islamweb.net/ar/library/content/15/371/,LOCATOR_VERIFIED,
HNB-ISTI-23,No habit / no tamyiz,"For a Mustahada with neither a reliable habit nor valid tamyiz, Kashshaf al-Qina' applies the Hanbali fallback of غالب الحيض, ordinarily six or seven days, with the detailed beginning-of-cycle rules stated in the text.",كشاف القناع، فصل المعتادة إذا استحيضت، ج1,https://www.islamweb.net/ar/library/content/16/429/%D9%81%D8%B5%D9%84-%D8%A7%D9%84%D9%85%D8%B9%D8%AA%D8%A7%D8%AF%D8%A9-%D8%A5%D8%B0%D8%A7-%D8%A7%D8%B3%D8%AA%D8%AD%D9%8A%D8%B6%D8%AA,,,LOCATOR_VERIFIED,Direct Kshaf locator replaces the secondary Dorar page. Scholar should approve exact fallback/start-day wording.
HNB-ISTI-24,Prayer during Istihada,"Istihada does not suspend Salah; the Mustahada cleans/protects herself, performs the required purification, and prays.",كشاف القناع، أحكام المستحاضة,https://islamweb.net/ar/library/content/16/438/,كشاف القناع، أحكام المستحاضة,https://islamweb.net/ar/library/content/16/439/,LOCATOR_VERIFIED,
HNB-ISTI-25,Purification for prayer,"For continuous Istihada/excuse, the cited Hanbali text requires cleaning/protection and wudu after the prayer time begins; one such wudu remains valid through that time unless another nullifier occurs.",كشاف القناع، أحكام المستحاضة,https://islamweb.net/ar/library/content/16/438/,كشاف القناع، أحكام المستحاضة,https://islamweb.net/ar/library/content/16/439/,LOCATOR_VERIFIED,Different from Shafi'i one-wudu-per-fard formulation.
HNB-ISTI-26,Fasting during Istihada,Istihada is not Haid/Nifas and does not itself prevent a valid fast.,كشاف القناع، أحكام المستحاضة,https://islamweb.net/ar/library/content/16/438/,كشاف القناع، آثار الحيض على الصيام,https://www.islamweb.net/ar/library/content/16/401/%D8%A8%D8%A7%D8%A8-%D8%A7%D9%84%D8%AD%D9%8A%D8%B6-%D9%88%D8%A7%D9%84%D8%A7%D8%B3%D8%AA%D8%AD%D8%A7%D8%B6%D8%A9-%D9%88%D8%A7%D9%84%D9%86%D9%81%D8%A7%D8%B3,LOCATOR_VERIFIED,
HNB-ISTI-27,Ghusl with ongoing Istihada,"Kashshaf al-Qina' makes the Mustahada perform Ghusl when her classified Haid interval ends and then resume prayer while Istihada continues. A separate Kshaf passage treats Ghusl for each prayer as recommended, not the ordinary mandatory rule.",كشاف القناع، فصل المعتادة إذا استحيضت، ج1,https://www.islamweb.net/ar/library/content/16/428/%D9%81%D8%B5%D9%84-%D8%A7%D9%84%D9%85%D8%B9%D8%AA%D8%A7%D8%AF%D8%A9-%D8%A5%D8%B0%D8%A7-%D8%A7%D8%B3%D8%AA%D8%AD%D9%8A%D8%B6%D8%AA,كشاف القناع، فصل في الأغسال المسنونة,https://www.islamweb.net/ar/library/content/16/314/%D9%81%D8%B5%D9%84-%D9%81%D9%8A-%D8%A7%D9%84%D8%A3%D8%BA%D8%B3%D8%A7%D9%84-%D8%A7%D9%84%D9%85%D8%B3%D9%86%D9%88%D9%86%D8%A9,LOCATOR_VERIFIED,Do not convert the recommended repeated Ghusl into a mandatory per-prayer rule.
HNB-NIFAS-28,Definition / start,Kashshaf al-Qina' treats childbirth-associated uterine blood as Nifas and includes blood seen up to two or three days before delivery when accompanied by signs of labor; that pre-birth interval is not counted from the post-birth forty-day maximum in the cited text.,كشاف القناع، فصل في النفاس، ج1,https://islamweb.net/ar/library/content/16/446/%D9%81%D8%B5%D9%84-%D9%81%D9%8A-%D8%A7%D9%84%D9%86%D9%81%D8%A7%D8%B3,كشاف القناع، فصل في النفاس,https://www.islamweb.net/ar/library/content/16/449/%D9%81%D8%B5%D9%84-%D9%81%D9%8A-%D8%A7%D9%84%D9%86%D9%81%D8%A7%D8%B3,LOCATOR_VERIFIED,Direct Kshaf locator now replaces the secondary fatwa quotation.
HNB-NIFAS-29,Pregnancy loss,Kashshaf al-Qina' states that expulsion of an unformed alaqa or mudgha does not establish Nifas; Nifas is tied to pregnancy loss showing discernible human formation in the classical criterion. Mapping this criterion to modern clinical gestational categories still requires scholar and medical review.,كشاف القناع، فصل في النفاس، ج1,https://islamweb.net/ar/library/content/16/448/%D9%81%D8%B5%D9%84-%D9%81%D9%8A-%D8%A7%D9%84%D9%86%D9%81%D8%A7%D8%B3,,,SCHOLAR_CLARIFICATION_REQUIRED,Direct primary locator now established. Do not translate the classical fetal-formation criterion into a gestational-week cutoff without combined scholar/medical review.
HNB-NIFAS-30,Minimum duration,The Hanbali source states there is no fixed minimum for Nifas; even a single drop can establish it when the causal childbirth criteria are met.,كشاف القناع، فصل في النفاس,https://www.islamweb.net/ar/library/content/16/449/%D9%81%D8%B5%D9%84-%D9%81%D9%8A-%D8%A7%D9%84%D9%86%D9%81%D8%A7%D8%B3,,,LOCATOR_VERIFIED,
HNB-NIFAS-31,Maximum duration,The cited Hanbali maximum Nifas period is forty days.,كشاف القناع، فصل في النفاس,https://www.islamweb.net/ar/library/content/16/449/%D9%81%D8%B5%D9%84-%D9%81%D9%8A-%D8%A7%D9%84%D9%86%D9%81%D8%A7%D8%B3,المغني، أكثر النفاس أربعون يوما,https://www.islamweb.org/ar/library/index.php?ID=1010&bk_no=-1&page=listing&pageno=1,LOCATOR_VERIFIED,
HNB-NIFAS-32,Early cessation,"If Nifas blood stops within the forty-day period, the cited Hanbali text treats the woman as pure: she bathes, prays, and fasts.",كشاف القناع، فصل في النفاس,https://www.islamweb.net/ar/library/content/16/449/%D9%81%D8%B5%D9%84-%D9%81%D9%8A-%D8%A7%D9%84%D9%86%D9%81%D8%A7%D8%B3,,,LOCATOR_VERIFIED,Return of blood is a separate atom.
HNB-NIFAS-33,Resumed bleeding within possible Nifas,Hanbali sources treat blood that returns within the forty-day window after a clean interval as a doubtful Nifas/فساد case in the cited comparative evidence; the woman prays and fasts while later making up obligatory fasting as precaution.,الموسوعة الفقهية الكويتية، نفاس، ناقلة عن كشاف القناع 1/220,https://content.awqaf.gov.kw/BasicPages/2020/9/3f1343c6e40f40bcbe66c8c36fc24bee.pdf,كشاف القناع، فصل في النفاس,https://www.islamweb.net/ar/library/content/16/451/%D9%81%D8%B5%D9%84-%D9%81%D9%8A-%D8%A7%D9%84%D9%86%D9%81%D8%A7%D8%B3,SCHOLAR_CLARIFICATION_REQUIRED,Exact direct primary passage for the returning-blood subcase should be isolated before coding.
HNB-NIFAS-34,Bleeding beyond maximum,"Blood continuing beyond forty days is not automatically Nifas; if it coincides with a valid Haid habit/criteria it can be Haid, otherwise it is treated as Istihada/فساد under the cited Hanbali rules.",كشاف القناع، فصل في النفاس,https://islamweb.net/ar/library/content/16/447/,المغني، زاد دم النفساء على أربعين,https://www.islamweb.org/ar/library/index.php?ID=1010&bk_no=-1&page=listing&pageno=1,LOCATOR_VERIFIED,
HNB-NIFAS-35,Multiple births,"For twins/multiples, the cited Hanbali text counts the beginning and end of Nifas from the first child; if forty or more days separate the births, it states there is no new Nifas for the second under that text's rule.",كشاف القناع، فصل في النفاس,https://islamweb.net/ar/library/content/16/451/%D9%81%D8%B5%D9%84-%D9%81%D9%8A-%D8%A7%D9%84%D9%86%D9%81%D8%A7%D8%B3,,,LOCATOR_VERIFIED,Scholar should confirm relied-upon handling of modern multiple-birth edge cases.
HNB-NIFAS-36,Prayer and fasting effects,Nifas carries the same core worship prohibitions as Haid: prayer and fasting are not performed validly while Nifas continues; obligatory fasting is later made up while prayers missed solely because of the state are not.,كشاف القناع، باب الحيض والاستحاضة والنفاس,https://www.islamweb.net/ar/library/content/16/401/%D8%A8%D8%A7%D8%A8-%D8%A7%D9%84%D8%AD%D9%8A%D8%B6-%D9%88%D8%A7%D9%84%D8%A7%D8%B3%D8%AA%D8%AD%D8%A7%D8%B6%D8%A9-%D9%88%D8%A7%D9%84%D9%86%D9%81%D8%A7%D8%B3,كشاف القناع، فصل في النفاس,https://www.islamweb.net/ar/library/content/16/449/%D9%81%D8%B5%D9%84-%D9%81%D9%8A-%D8%A7%D9%84%D9%86%D9%81%D8%A7%D8%B3,LOCATOR_VERIFIED,
HNB-NIFAS-37,Ghusl after Nifas,"When Nifas ends, the woman bathes before resuming acts requiring ritual purity; the cited source expressly states Ghusl when blood stops within forty days.",كشاف القناع، فصل في النفاس,https://www.islamweb.net/ar/library/content/16/449/%D9%81%D8%B5%D9%84-%D9%81%D9%8A-%D8%A7%D9%84%D9%86%D9%81%D8%A7%D8%B3,كشاف القناع، الغسل من النفاس,https://islamweb.net/ar/library/content/16/316/,LOCATOR_VERIFIED,
HNB-TRANS-38,Purity before prayer time ends,"If Haid/Nifas ends with even the Hanbali minimum recognized amount of the current prayer time remaining, the current prayer becomes due; when the current prayer is one combinable with the preceding prayer, the preceding one is also due under the cited text.",كشاف القناع، فصل فيما يدرك به أداء الصلاة,https://islamweb.net/ar/library/content/16/533/%D9%81%D8%B5%D9%84-%D9%81%D9%8A%D9%85%D8%A7-%D9%8A%D8%AF%D8%B1%D9%83-%D8%A8%D9%87-%D8%A3%D8%AF%D8%A7%D8%A1-%D8%A7%D9%84%D8%B5%D9%84%D8%A7%D8%A9,كشاف القناع، ص308,https://ablibrary.net/book_content/b/3412/308,LOCATOR_VERIFIED,Text uses a takbir-sized remainder; app implementation needs controlled prayer-time arithmetic.
HNB-TRANS-39,Bleeding begins after prayer time enters,"If a woman was eligible at the beginning of a prayer time for at least the amount of a takbir and Haid/Nifas then began, the cited Hanbali text makes that prayer due for qada after the excuse ends.",كشاف القناع، فصل فيما يدرك به أداء الصلاة,https://islamweb.net/ar/library/content/16/533/%D9%81%D8%B5%D9%84-%D9%81%D9%8A%D9%85%D8%A7-%D9%8A%D8%AF%D8%B1%D9%83-%D8%A8%D9%87-%D8%A3%D8%AF%D8%A7%D8%A1-%D8%A7%D9%84%D8%B5%D9%84%D8%A7%D8%A9,كشاف القناع، ص307,https://ablibrary.net/book_content/b/3412/307?lang=ar,LOCATOR_VERIFIED,This is a Madhhab-specific rule and should not be generalized across schools.
HNB-TRANS-40,Purity before Fajr,"The Kuwaiti Fiqh Encyclopedia records juristic agreement that if a woman becomes pure before Fajr, that day's fast is due. For the Hanbali workstream, contemporary commentary on Kashshaf al-Qina' also states that the fast can be valid when Tahara occurred before Fajr even if Ghusl is delayed until after Fajr, subject to the required fasting intention.",الموسوعة الفقهية الكويتية، ج18، مادة حيض/الصوم، ص36-37 (اتفاق الفقهاء على وجوب الصوم إذا طهرت قبل الفجر),https://content.awqaf.gov.kw/BasicPages/2020/9/cc86e10bc3714e87ae0e10b2c66e6e11.pdf,التعليق على كتاب الصيام من كشاف القناع، مسألة طهر الحائض قبل الفجر,https://baheth.ieasybooks.com/ar/media/8-%D8%A7%D9%84%D8%AA%D8%B9%D9%84%D9%8A%D9%82-%D8%B9%D9%84%D9%89-%D9%83%D8%AA%D8%A7%D8%A8-%D8%A7%D9%84%D8%B5%D9%8A%D8%A7%D9%85-%D9%85%D9%86-%D9%83%D8%B4%D8%A7%D9%81-%D8%A7%D9%84%D9%82%D9%86%D8%A7%D8%B9-%D8%B9%D9%86-%D8%A7%D9%84%D8%A5%D9%82%D9%86%D8%A7%D8%B9-%D9%81%D8%B6%D9%8A%D9%84%D8%A9-%D8%A7%D9%84%D8%B4%D9%8A%D8%AE-%D8%A3%D8%AF-%D8%B3%D8%A7%D9%85%D9%8A-%D8%A7%D9%84%D8%B5%D9%82%D9%8A%D8%B1-22-%D8%B1%D8%AC%D8%A8-1445%D9%87,PARTIAL_EVIDENCE,"The substantive rule is strongly supported and the primary source is official comparative evidence, but a direct classical Kshaf page for this exact pre-Fajr proposition is still preferable before production publication."
HNB-TRANS-41,Purity after Fajr,The cited Hanbali position requires a menstruating/postpartum woman who becomes pure during a Ramadan day to refrain for the rest of that day and also make the day up later.,كشاف القناع، كتاب الصيام,https://islamweb.net/ar/library/content/16/1962/,شرح كشاف القناع، نفس المسألة,https://baheth.ieasybooks.com/ar/media/3-%D8%A7%D9%84%D8%AA%D8%B9%D9%84%D9%8A%D9%82-%D8%B9%D9%84%D9%89-%D9%83%D8%AA%D8%A7%D8%A8-%D8%A7%D9%84%D8%B5%D9%8A%D8%A7%D9%85-%D9%85%D9%86-%D9%83%D8%B4%D8%A7%D9%81-%D8%A7%D9%84%D9%82%D9%86%D8%A7%D8%B9-%D8%B9%D9%86-%D8%A7%D9%84%D8%A5%D9%82%D9%86%D8%A7%D8%B9-%D9%81%D8%B6%D9%8A%D9%84%D8%A9-%D8%A7%D9%84%D8%B4%D9%8A%D8%AE-%D8%A3%D8%AF-%D8%B3%D8%A7%D9%85%D9%8A-%D8%A7%D9%84%D8%B5%D9%82%D9%8A%D8%B1-13-%D8%B1%D8%AC%D8%A8-1445%D9%87,LOCATOR_VERIFIED,"The cited text is the Madhhab position; contemporary scholars may choose differently, so scholar review remains mandatory."
HNB-TRANS-42,Bleeding begins during a fast,"Haid/Nifas prevents valid fasting; if qualifying bleeding begins before sunset during Ramadan, the day is not valid as an obligatory fast and is later made up.",كشاف القناع، باب الحيض والاستحاضة والنفاس,https://www.islamweb.net/ar/library/content/16/401/%D8%A8%D8%A7%D8%A8-%D8%A7%D9%84%D8%AD%D9%8A%D8%B6-%D9%88%D8%A7%D9%84%D8%A7%D8%B3%D8%AA%D8%AD%D8%A7%D8%B6%D8%A9-%D9%88%D8%A7%D9%84%D9%86%D9%81%D8%A7%D8%B3,,,LOCATOR_VERIFIED,Exact 'before sunset' wording is a consequence of the prohibition + qada rule; scholar should approve UX wording.
HNB-TRANS-43,Prayer qada after Haid/Nifas,Prayers missed solely during valid Haid are not made up; Nifas follows the same core rule. This does not erase a prayer obligation that had already settled before bleeding began.,كشاف القناع، باب الحيض والاستحاضة والنفاس,https://www.islamweb.net/ar/library/content/16/401/%D8%A8%D8%A7%D8%A8-%D8%A7%D9%84%D8%AD%D9%8A%D8%B6-%D9%88%D8%A7%D9%84%D8%A7%D8%B3%D8%AA%D8%AD%D8%A7%D8%B6%D8%A9-%D9%88%D8%A7%D9%84%D9%86%D9%81%D8%A7%D8%B3,كشاف القناع، بداية وقت الصلاة/طروء المانع,https://islamweb.net/ar/library/content/16/533/%D9%81%D8%B5%D9%84-%D9%81%D9%8A%D9%85%D8%A7-%D9%8A%D8%AF%D8%B1%D9%83-%D8%A8%D9%87-%D8%A3%D8%AF%D8%A7%D8%A1-%D8%A7%D9%84%D8%B5%D9%84%D8%A7%D8%A9,LOCATOR_VERIFIED,
HNB-TRANS-44,Fasting qada after Haid/Nifas,Obligatory Ramadan fasts missed because of valid Haid/Nifas are made up later.,كشاف القناع، باب الحيض والاستحاضة والنفاس,https://www.islamweb.net/ar/library/content/16/401/%D8%A8%D8%A7%D8%A8-%D8%A7%D9%84%D8%AD%D9%8A%D8%B6-%D9%88%D8%A7%D9%84%D8%A7%D8%B3%D8%AA%D8%AD%D8%A7%D8%B6%D8%A9-%D9%88%D8%A7%D9%84%D9%86%D9%81%D8%A7%D8%B3,,,LOCATOR_VERIFIED,
HNB-TRANS-45,Uncertain purity/classification,"When blood classification remains uncertain under Hanbali beginner/change/returning-Nifas rules, the sources themselves sometimes impose precautionary prayer/fasting behavior rather than categorical certainty; Niswah must preserve UNKNOWN/uncertain status until approved logic resolves the case.",كشاف القناع، beginner/change rules,https://www.islamweb.net/ar/library/content/16/420/%D9%81%D8%B5%D9%84-%D9%88%D8%A7%D9%84%D9%85%D8%A8%D8%AA%D8%AF%D8%A3-%D8%A8%D9%87%D8%A7-%D8%A7%D9%84%D8%AF%D9%85,الموسوعة الفقهية الكويتية، returning Nifas citing Kshaf 1/220,https://content.awqaf.gov.kw/BasicPages/2020/9/3f1343c6e40f40bcbe66c8c36fc24bee.pdf,SCHOLAR_CLARIFICATION_REQUIRED,Product safety rule: do not fabricate certainty from incomplete evidence.