atom_id,domain,category,subtopic,draft_canonical_en,draft_canonical_ar,escalation_class,primary_source_id,primary_source_title,primary_source_url,primary_source_locator,secondary_source_id,secondary_source_url,secondary_source_locator,evidence_type,rights_status,reviewer_required,review_status,publication_status,notes
HL-MENS-001,HEALTH,MENSTRUAL_HEALTH,Cycle day 1,"For cycle tracking, Day 1 is the first day of menstrual bleeding; the cycle is counted from that day to the first day of the next period.",لأغراض تتبّع الدورة، يُعد اليوم الأول هو أول يوم يبدأ فيه نزول دم الحيض، وتُحسب الدورة من هذا اليوم حتى اليوم الأول من الدورة التالية.,INFORMATIONAL,OWH_CYCLE,Your menstrual cycle,https://womenshealth.gov/menstrual-cycle/your-menstrual-cycle,Sections: What is the menstrual cycle? / How long is a typical menstrual cycle?,NICHD_MENS,https://www.nichd.nih.gov/health/topics/menstruation/conditioninfo,Section: What is the menstrual cycle?,SOURCE_DERIVED,TEXT_REUSE_OK_WITH_ATTRIBUTION,Medical reviewer,DRAFT_REVIEW_REQUIRED,NOT_APPROVED_NOT_PUBLISHED,
HL-MENS-002,HEALTH,MENSTRUAL_HEALTH,Adult cycle range,"In adults, a menstrual cycle can normally vary in length. Niswah should describe the source range as general population guidance, not as a diagnosis of an individual cycle.",قد يختلف طول الدورة الشهرية طبيعيًا لدى البالغات. تعرض نسوة هذا النطاق كإرشاد عام على مستوى السكان، وليس كتشخيص لدورة مستخدمة بعينها.,INFORMATIONAL,OWH_CYCLE,Your menstrual cycle,https://womenshealth.gov/menstrual-cycle/your-menstrual-cycle,Section: How long is a typical menstrual cycle? (24–38 days in this source),NICHD_MENS,https://www.nichd.nih.gov/health/topics/menstruation/conditioninfo,Section: What is the menstrual cycle? (source uses a different general range; reviewer should reconcile wording),SOURCE_DERIVED,TEXT_REUSE_OK_WITH_ATTRIBUTION,Medical reviewer,DRAFT_REVIEW_REQUIRED,NOT_APPROVED_NOT_PUBLISHED,Two federal sources use slightly different general ranges. Final wording should avoid false precision unless the medical reviewer chooses one source as canonical.
HL-MENS-003,HEALTH,MENSTRUAL_HEALTH,Bleeding duration,"Menstrual bleeding commonly lasts several days. Bleeding that is unusually prolonged for the user, especially beyond the source's warning threshold, should prompt clinical review rather than an app diagnosis.",يستمر نزول دم الحيض عادةً عدة أيام. وإذا طال النزف بشكل غير معتاد للمستخدمة، وخصوصًا إذا تجاوز حد التحذير المذكور في المصدر، فينبغي توجيهها للتقييم الطبي بدل أن يشخّص التطبيق السبب.,ROUTINE_CLINICIAN,OWH_PERIOD,Period problems,https://womenshealth.gov/menstrual-cycle/period-problems,Heavy bleeding → When to call the doctor: period lasting longer than eight days,NICHD_MENS,https://www.nichd.nih.gov/health/topics/menstruation/conditioninfo,What is menstruation? (average menstruation time about five days),SOURCE_DERIVED,TEXT_REUSE_OK_WITH_ATTRIBUTION,Medical reviewer,DRAFT_REVIEW_REQUIRED,NOT_APPROVED_NOT_PUBLISHED,
HL-MENS-004,HEALTH,MENSTRUAL_HEALTH,Normal variation,Cycle length can vary between people and from month to month. A new or marked change from a user's established pattern may deserve clinical review.,قد يختلف طول الدورة بين النساء ومن شهر إلى آخر. أما التغيّر الجديد أو الواضح عن نمط المستخدمة المعتاد فقد يستدعي تقييمًا طبيًا.,ROUTINE_CLINICIAN,OWH_CYCLE,Your menstrual cycle,https://womenshealth.gov/menstrual-cycle/your-menstrual-cycle,Section: How long is a typical menstrual cycle?,OWH_PERIOD,https://womenshealth.gov/menstrual-cycle/period-problems,Irregular periods → When to call the doctor,SOURCE_DERIVED,TEXT_REUSE_OK_WITH_ATTRIBUTION,Medical reviewer,DRAFT_REVIEW_REQUIRED,NOT_APPROVED_NOT_PUBLISHED,
HL-MENS-005,HEALTH,MENSTRUAL_HEALTH,Irregular cycle escalation,"If periods become irregular after previously being regular, or repeatedly fall outside the source's usual interval, Niswah should recommend discussing the change with a clinician.",إذا أصبحت الدورة غير منتظمة بعد أن كانت منتظمة، أو تكرر خروجها عن النطاق المعتاد المذكور في المصدر، فينبغي لنسوة أن تقترح مناقشة هذا التغيّر مع مختص صحي.,ROUTINE_CLINICIAN,OWH_PERIOD,Period problems,https://womenshealth.gov/menstrual-cycle/period-problems,Irregular periods → When to call the doctor,,,,SOURCE_DERIVED,TEXT_REUSE_OK_WITH_ATTRIBUTION,Medical reviewer,DRAFT_REVIEW_REQUIRED,NOT_APPROVED_NOT_PUBLISHED,
HL-MENS-006,HEALTH,MENSTRUAL_HEALTH,Heavy bleeding indicators,"Heavy bleeding that rapidly soaks menstrual products, lasts unusually long, involves large clots, or is accompanied by dizziness, weakness, chest pain, or breathing difficulty requires medical attention; systemic symptoms raise urgency.",النزف الغزير الذي يشبع وسائل الحماية بسرعة، أو يطول بشكل غير معتاد، أو يصاحبه خروج كتل دموية كبيرة، أو دوخة أو ضعف أو ألم بالصدر أو صعوبة في التنفس يحتاج إلى تقييم طبي، وتزداد درجة الاستعجال عند وجود أعراض عامة.,URGENT_IF_SYSTEMIC,OWH_PERIOD,Period problems,https://womenshealth.gov/menstrual-cycle/period-problems,Heavy bleeding → When to call the doctor,CDC_WARN,https://www.cdc.gov/hearher/maternal-warning-signs/index.html,"Warning signs: chest pain, trouble breathing, dizziness/fainting",SOURCE_DERIVED,TEXT_REUSE_OK_WITH_ATTRIBUTION,Medical reviewer,DRAFT_REVIEW_REQUIRED,NOT_APPROVED_NOT_PUBLISHED,
HL-MENS-007,HEALTH,MENSTRUAL_HEALTH,Intermenstrual bleeding,Repeated spotting or bleeding between periods is not something the app should diagnose; Niswah should recommend clinical evaluation.,تكرار التبقّع أو النزف بين الدورات ليس شيئًا ينبغي للتطبيق تشخيص سببه؛ بل على نسوة أن توصي بالتقييم الطبي.,ROUTINE_CLINICIAN,OWH_PERIOD,Period problems,https://womenshealth.gov/menstrual-cycle/period-problems,Unusual (abnormal) bleeding → When to see the doctor,,,,SOURCE_DERIVED,TEXT_REUSE_OK_WITH_ATTRIBUTION,Medical reviewer,DRAFT_REVIEW_REQUIRED,NOT_APPROVED_NOT_PUBLISHED,
HL-MENS-008,HEALTH,MENSTRUAL_HEALTH,Bleeding after sex,Bleeding after sex that happens more than once should be discussed with a clinician.,النزف بعد الجماع إذا تكرر أكثر من مرة ينبغي مناقشته مع مختص صحي.,ROUTINE_CLINICIAN,OWH_PERIOD,Period problems,https://womenshealth.gov/menstrual-cycle/period-problems,Unusual (abnormal) bleeding → When to see the doctor,,,,SOURCE_DERIVED,TEXT_REUSE_OK_WITH_ATTRIBUTION,Medical reviewer,DRAFT_REVIEW_REQUIRED,NOT_APPROVED_NOT_PUBLISHED,
HL-MENS-009,HEALTH,MENSTRUAL_HEALTH,Dysmenorrhea escalation,"Period pain that is severe, persists despite usual over-the-counter measures, or interferes with school, work, or normal activities should prompt clinical evaluation.",ألم الدورة الذي يكون شديدًا، أو لا يتحسن بالتدابير المعتادة المتاحة دون وصفة، أو يعيق الدراسة أو العمل أو الأنشطة اليومية، يستدعي تقييمًا طبيًا.,ROUTINE_CLINICIAN,OWH_PERIOD,Period problems,https://womenshealth.gov/menstrual-cycle/period-problems,Menstrual pain (dysmenorrhea) → When to see your doctor,,,,SOURCE_DERIVED,TEXT_REUSE_OK_WITH_ATTRIBUTION,Medical reviewer,DRAFT_REVIEW_REQUIRED,NOT_APPROVED_NOT_PUBLISHED,
HL-MENS-010,HEALTH,MENSTRUAL_HEALTH,Tracking fields,"Tracking cycle start dates, duration, bleeding pattern, pain, and other symptoms can help a user describe patterns to a clinician; tracking does not itself establish a diagnosis.",يمكن أن يساعد تسجيل تاريخ بدء الدورة ومدتها ونمط النزف والألم والأعراض الأخرى المستخدمة على وصف النمط للطبيب، لكن التتبع وحده لا يثبت تشخيصًا.,INFORMATIONAL,OWH_CYCLE,Your menstrual cycle,https://womenshealth.gov/menstrual-cycle/your-menstrual-cycle,Section: Why should I keep track of my menstrual cycle?,OWH_PERIOD,https://womenshealth.gov/menstrual-cycle/period-problems,Menstrual pain → When to see your doctor,SOURCE_DERIVED,TEXT_REUSE_OK_WITH_ATTRIBUTION,Medical reviewer,DRAFT_REVIEW_REQUIRED,NOT_APPROVED_NOT_PUBLISHED,
HL-MENS-011,HEALTH,MENSTRUAL_HEALTH,Amenorrhea,"If a user has missed three periods in a row and is not pregnant or breastfeeding, Niswah should recommend medical evaluation rather than infer the cause.",إذا انقطعت الدورة ثلاث مرات متتالية وكانت المستخدمة غير حامل ولا مرضعة، فينبغي لنسوة أن توصي بالتقييم الطبي بدل استنتاج السبب.,ROUTINE_CLINICIAN,OWH_PERIOD,Period problems,https://womenshealth.gov/menstrual-cycle/period-problems,Missing periods (amenorrhea) → When to call the doctor,,,,SOURCE_DERIVED,TEXT_REUSE_OK_WITH_ATTRIBUTION,Medical reviewer,DRAFT_REVIEW_REQUIRED,NOT_APPROVED_NOT_PUBLISHED,
HL-MENS-012,HEALTH,MENSTRUAL_HEALTH,Prediction limitations,"Predicted period or fertile dates are estimates based on recorded patterns. Irregular cycles reduce confidence, and predicted dates must never be presented as observed events.",تواريخ الدورة أو الخصوبة المتوقعة هي تقديرات مبنية على الأنماط المسجلة. عدم انتظام الدورة يقلل الثقة في التقدير، ولا يجوز عرض التاريخ المتوقع على أنه حدث تم رصده فعليًا.,INFORMATIONAL,OWH_CYCLE,Your menstrual cycle,https://womenshealth.gov/menstrual-cycle/your-menstrual-cycle,Why should I keep track of my menstrual cycle?,OWH_TTC,https://womenshealth.gov/pregnancy/you-get-pregnant/trying-conceive,Fertility awareness / calendar method,SOURCE_DERIVED,TEXT_REUSE_OK_WITH_ATTRIBUTION,Medical reviewer,DRAFT_REVIEW_REQUIRED,NOT_APPROVED_NOT_PUBLISHED,
HL-MENS-013,HEALTH,MENSTRUAL_HEALTH,Possible bleeding disorder,"Heavy menstrual bleeding can sometimes be associated with an underlying bleeding disorder. Niswah should not diagnose one, but persistent heavy bleeding should be medically assessed.",قد يرتبط غزارة الحيض أحيانًا باضطراب نزفي كامن. لا ينبغي لنسوة تشخيص هذا الاضطراب، لكن النزف الغزير المستمر يستدعي تقييمًا طبيًا.,ROUTINE_CLINICIAN,OWH_PERIOD,Period problems,https://womenshealth.gov/menstrual-cycle/period-problems,Heavy bleeding → causes (bleeding disorders) and when to call the doctor,,,,SOURCE_DERIVED,TEXT_REUSE_OK_WITH_ATTRIBUTION,Medical reviewer,DRAFT_REVIEW_REQUIRED,NOT_APPROVED_NOT_PUBLISHED,
HL-MENS-014,HEALTH,MENSTRUAL_HEALTH,Pregnancy and abnormal bleeding,"When pregnancy is possible or confirmed, vaginal bleeding must not be handled as ordinary period-tracking data alone. Even spotting in pregnancy should be discussed with a clinician; heavier bleeding follows the urgent maternal-warning pathway.",عند احتمال وجود حمل أو تأكده، لا يجوز التعامل مع النزف المهبلي على أنه مجرد بيانات دورة عادية. حتى التبقع أثناء الحمل ينبغي مناقشته مع مختص، أما النزف الأكثر من تبقع فيتبع مسار التحذيرات العاجلة للحمل.,PROMPT_CLINICIAN_OR_URGENT,OWH_PERIOD,Period problems,https://womenshealth.gov/menstrual-cycle/period-problems,Missing periods → pregnancy: spotting during pregnancy should be seen by a doctor/nurse,CDC_WARN,https://www.cdc.gov/hearher/maternal-warning-signs/index.html,Warning sign: vaginal bleeding or fluid leaking during pregnancy,SOURCE_DERIVED,TEXT_REUSE_OK_WITH_ATTRIBUTION,Medical reviewer,DRAFT_REVIEW_REQUIRED,NOT_APPROVED_NOT_PUBLISHED,
HL-MENS-015,HEALTH,MENSTRUAL_HEALTH,Education vs diagnosis,"Niswah may describe recorded bleeding patterns and explain general health information, but it must not diagnose the medical cause of abnormal bleeding.",يمكن لنسوة وصف أنماط النزف المسجلة وشرح المعلومات الصحية العامة، لكنها لا تشخّص السبب الطبي للنزف غير الطبيعي.,INFORMATIONAL,OWH_PERIOD,Period problems,https://womenshealth.gov/menstrual-cycle/period-problems,Page-level disclaimer and sections showing multiple possible causes of irregular/heavy/unusual bleeding,,,,PRODUCT_SAFETY_POLICY_SUPPORTED_BY_SOURCE,TEXT_REUSE_OK_WITH_ATTRIBUTION,Medical reviewer,DRAFT_REVIEW_REQUIRED,NOT_APPROVED_NOT_PUBLISHED,
HL-TTC-001,HEALTH,TTC,Fertile window,The fertile window is the part of the cycle when intercourse is more likely to result in pregnancy because it falls around ovulation.,نافذة الخصوبة هي الفترة من الدورة التي يكون فيها حدوث الحمل أكثر احتمالًا لأن الجماع يقع قريبًا من وقت الإباضة.,INFORMATIONAL,OWH_TTC,Trying to conceive,https://womenshealth.gov/pregnancy/you-get-pregnant/trying-conceive,Fertility awareness: The menstrual cycle / Charting your fertility pattern,,,,SOURCE_DERIVED,TEXT_REUSE_OK_WITH_ATTRIBUTION,Medical reviewer,DRAFT_REVIEW_REQUIRED,NOT_APPROVED_NOT_PUBLISHED,
HL-TTC-002,HEALTH,TTC,Estimate semantics,A Niswah fertile-window date is an estimate derived from cycle information. It does not confirm that ovulation occurred on a specific day.,تاريخ نافذة الخصوبة في نسوة هو تقدير مشتق من معلومات الدورة، ولا يؤكد أن الإباضة حدثت في يوم محدد.,INFORMATIONAL,OWH_TTC,Trying to conceive,https://womenshealth.gov/pregnancy/you-get-pregnant/trying-conceive,Fertility awareness and charting methods; BBT section states temperature rise does not show exactly when the egg is released,,,,SOURCE_DERIVED_PLUS_PRODUCT_POLICY,TEXT_REUSE_OK_WITH_ATTRIBUTION,Medical reviewer,DRAFT_REVIEW_REQUIRED,NOT_APPROVED_NOT_PUBLISHED,
HL-TTC-003,HEALTH,TTC,Ovulation variability,"The timing before ovulation varies between women and can vary from month to month in the same woman, so Niswah should avoid treating a predicted ovulation day as certain.",يختلف توقيت الإباضة بين النساء وقد يختلف من شهر لآخر لدى المرأة نفسها، لذلك لا ينبغي لنسوة التعامل مع يوم الإباضة المتوقع على أنه مؤكد.,INFORMATIONAL,OWH_TTC,Trying to conceive,https://womenshealth.gov/pregnancy/you-get-pregnant/trying-conceive,Fertility awareness: The menstrual cycle,,,,SOURCE_DERIVED,TEXT_REUSE_OK_WITH_ATTRIBUTION,Medical reviewer,DRAFT_REVIEW_REQUIRED,NOT_APPROVED_NOT_PUBLISHED,
HL-TTC-004,HEALTH,TTC,Sperm survival,"Because sperm can remain capable of fertilization for several days in the reproductive tract, conception can occur from intercourse before ovulation.",لأن الحيوانات المنوية قد تبقى قادرة على الإخصاب عدة أيام داخل الجهاز التناسلي، فقد يحدث الحمل نتيجة جماع وقع قبل الإباضة.,INFORMATIONAL,OWH_TTC,Trying to conceive,https://womenshealth.gov/pregnancy/you-get-pregnant/trying-conceive,Basal body temperature method: sperm can live for up to three days in the source,,,,SOURCE_DERIVED,TEXT_REUSE_OK_WITH_ATTRIBUTION,Medical reviewer,DRAFT_REVIEW_REQUIRED,NOT_APPROVED_NOT_PUBLISHED,
HL-TTC-005,HEALTH,TTC,Egg viability,"The egg is available for fertilization for a limited time after ovulation. Niswah should use this only as general education, not as an exact personal countdown.",تكون البويضة متاحة للإخصاب لفترة محدودة بعد الإباضة. تستخدم نسوة هذه المعلومة للتثقيف العام فقط، وليس كعدٍّ تنازلي دقيق لشخص بعينه.,INFORMATIONAL,OWH_TTC,Trying to conceive,https://womenshealth.gov/pregnancy/you-get-pregnant/trying-conceive,Basal body temperature method: source describes highest fertility around ovulation and 12–24 hours after,,,,SOURCE_DERIVED,TEXT_REUSE_OK_WITH_ATTRIBUTION,Medical reviewer,DRAFT_REVIEW_REQUIRED,NOT_APPROVED_NOT_PUBLISHED,
HL-TTC-006,HEALTH,TTC,Calendar method,Calendar-based fertility estimation uses previous cycle lengths and becomes less dependable when cycles vary. It should be combined with other information rather than treated as proof of ovulation.,يعتمد تقدير الخصوبة بالتقويم على أطوال الدورات السابقة وتقل موثوقيته عندما تتفاوت الدورات. لذلك لا يُعامل كإثبات للإباضة، ويفضل دمجه مع معلومات أخرى.,INFORMATIONAL,OWH_TTC,Trying to conceive,https://womenshealth.gov/pregnancy/you-get-pregnant/trying-conceive,Charting your fertility pattern → Calendar method,,,,SOURCE_DERIVED,TEXT_REUSE_OK_WITH_ATTRIBUTION,Medical reviewer,DRAFT_REVIEW_REQUIRED,NOT_APPROVED_NOT_PUBLISHED,
HL-TTC-007,HEALTH,TTC,Cervical mucus,"Changes in cervical mucus can be used as a fertility-awareness signal, but the method is less reliable in some situations and does not by itself confirm ovulation.",يمكن استخدام تغيرات مخاط عنق الرحم كإشارة من إشارات الوعي بالخصوبة، لكن تقل موثوقية هذه الطريقة في بعض الحالات ولا تؤكد الإباضة بمفردها.,INFORMATIONAL,OWH_TTC,Trying to conceive,https://womenshealth.gov/pregnancy/you-get-pregnant/trying-conceive,Charting your fertility pattern → Cervical mucus method,,,,SOURCE_DERIVED,TEXT_REUSE_OK_WITH_ATTRIBUTION,Medical reviewer,DRAFT_REVIEW_REQUIRED,NOT_APPROVED_NOT_PUBLISHED,
HL-TTC-008,HEALTH,TTC,Basal body temperature,A rise in basal body temperature is an indirect sign associated with ovulation and does not identify the exact moment the egg was released.,ارتفاع درجة حرارة الجسم الأساسية علامة غير مباشرة مرتبطة بالإباضة، ولا يحدد اللحظة الدقيقة لخروج البويضة.,INFORMATIONAL,OWH_TTC,Trying to conceive,https://womenshealth.gov/pregnancy/you-get-pregnant/trying-conceive,Charting your fertility pattern → Basal body temperature method,,,,SOURCE_DERIVED,TEXT_REUSE_OK_WITH_ATTRIBUTION,Medical reviewer,DRAFT_REVIEW_REQUIRED,NOT_APPROVED_NOT_PUBLISHED,
HL-TTC-009,HEALTH,TTC,Ovulation predictor kits,"Ovulation predictor kits detect a hormone surge associated with ovulation. A positive result can help estimate timing but does not guarantee ovulation, conception, or pregnancy.",تكشف اختبارات توقع الإباضة عن ارتفاع هرموني مرتبط بالإباضة. وقد تساعد النتيجة الإيجابية في تقدير التوقيت، لكنها لا تضمن حدوث الإباضة أو الإخصاب أو الحمل.,INFORMATIONAL,OWH_TTC,Trying to conceive,https://womenshealth.gov/pregnancy/you-get-pregnant/trying-conceive,Charting your fertility pattern → ovulation kits detect luteinizing-hormone surges,,,,SOURCE_DERIVED_PLUS_CAUTION,TEXT_REUSE_OK_WITH_ATTRIBUTION,Medical reviewer,DRAFT_REVIEW_REQUIRED,NOT_APPROVED_NOT_PUBLISHED,
HL-TTC-010,HEALTH,TTC,Evaluation under 35,"For a woman younger than 35 who has had regular unprotected intercourse for one year without pregnancy, Niswah should suggest discussing fertility evaluation with a clinician.",للمرأة دون 35 عامًا التي مارست جماعًا منتظمًا دون مانع لمدة سنة دون حدوث حمل، ينبغي لنسوة أن تقترح مناقشة تقييم الخصوبة مع مختص صحي.,ROUTINE_CLINICIAN,NICHD_INF,When should I consult a health care provider?,https://www.nichd.nih.gov/health/topics/infertility/conditioninfo/consult,Whole page: one year without successful pregnancy,OWH_TTC,https://womenshealth.gov/pregnancy/you-get-pregnant/trying-conceive,When to see your doctor,SOURCE_DERIVED,PUBLIC_DOMAIN_MOST_TEXT_PAGE_CHECK,Medical reviewer,DRAFT_REVIEW_REQUIRED,NOT_APPROVED_NOT_PUBLISHED,
HL-TTC-011,HEALTH,TTC,Evaluation age 35+,"For a woman age 35 or older who has tried for six months without pregnancy, Niswah should suggest fertility evaluation rather than waiting a full year.",للمرأة بعمر 35 سنة أو أكثر التي حاولت الحمل لمدة ستة أشهر دون نجاح، ينبغي لنسوة أن تقترح تقييم الخصوبة بدل الانتظار سنة كاملة.,ROUTINE_CLINICIAN,NICHD_INF,When should I consult a health care provider?,https://www.nichd.nih.gov/health/topics/infertility/conditioninfo/consult,Exceptions: women older than 35 after six months,OWH_TTC,https://womenshealth.gov/pregnancy/you-get-pregnant/trying-conceive,When to see your doctor,SOURCE_DERIVED,PUBLIC_DOMAIN_MOST_TEXT_PAGE_CHECK,Medical reviewer,DRAFT_REVIEW_REQUIRED,NOT_APPROVED_NOT_PUBLISHED,
HL-TTC-012,HEALTH,TTC,Earlier evaluation with risk factors,Earlier fertility evaluation may be appropriate when there are known fertility-affecting conditions or markedly irregular periods.,قد يكون من المناسب إجراء تقييم الخصوبة في وقت أبكر عند وجود حالات معروفة قد تؤثر في الخصوبة أو عند وجود دورات شديدة عدم الانتظام.,ROUTINE_CLINICIAN,NICHD_INF,When should I consult a health care provider?,https://www.nichd.nih.gov/health/topics/infertility/conditioninfo/consult,"Exceptions: suspected underlying fertility problems, including irregular periods",,,,SOURCE_DERIVED,PUBLIC_DOMAIN_MOST_TEXT_PAGE_CHECK,Medical reviewer,DRAFT_REVIEW_REQUIRED,NOT_APPROVED_NOT_PUBLISHED,
HL-TTC-013,HEALTH,TTC,Partner factors,"Fertility problems can involve the female partner, the male partner, both partners, or remain unexplained. Niswah should avoid framing infertility as solely a woman's issue.",قد ترتبط مشكلات الخصوبة بالمرأة أو الرجل أو بكليهما، وقد لا يُعرف السبب أحيانًا. لذلك لا ينبغي لنسوة تصوير تأخر الحمل على أنه مشكلة تخص المرأة وحدها.,INFORMATIONAL,OWH_TTC,Trying to conceive,https://womenshealth.gov/pregnancy/you-get-pregnant/trying-conceive,"Infertility section: female, male, both/no cause; testing both partners",,,,SOURCE_DERIVED,TEXT_REUSE_OK_WITH_ATTRIBUTION,Medical reviewer,DRAFT_REVIEW_REQUIRED,NOT_APPROVED_NOT_PUBLISHED,
HL-TTC-014,HEALTH,TTC,No guarantee language,Niswah must not convert a fertile-window estimate into a promise of conception or an unsupported personal pregnancy probability.,لا يجوز لنسوة تحويل تقدير نافذة الخصوبة إلى وعد بحدوث الحمل أو إلى نسبة شخصية لاحتمال الحمل دون دليل يدعمها.,INFORMATIONAL,OWH_TTC,Trying to conceive,https://womenshealth.gov/pregnancy/you-get-pregnant/trying-conceive,Fertility-awareness methods describe likelihood/timing rather than guarantees,,,,PRODUCT_SAFETY_POLICY_SUPPORTED_BY_SOURCE,TEXT_REUSE_OK_WITH_ATTRIBUTION,Medical reviewer,DRAFT_REVIEW_REQUIRED,NOT_APPROVED_NOT_PUBLISHED,
HL-PREG-001,HEALTH,PREGNANCY,Gestational age,"Pregnancy dating is commonly counted from the first day of the last normal menstrual period, with pregnancy lasting about 40 weeks.",يُحسب عمر الحمل عادةً من اليوم الأول لآخر دورة شهرية طبيعية، ويستمر الحمل نحو 40 أسبوعًا.,INFORMATIONAL,OWH_STAGES,Stages of pregnancy,https://womenshealth.gov/pregnancy/youre-pregnant-now-what/stages-pregnancy,Introductory paragraph,,,,SOURCE_DERIVED,TEXT_REUSE_OK_WITH_ATTRIBUTION,Medical reviewer,DRAFT_REVIEW_REQUIRED,NOT_APPROVED_NOT_PUBLISHED,
HL-PREG-002,HEALTH,PREGNANCY,Trimester boundaries,"For educational display, Niswah may group pregnancy into the source's three trimesters: weeks 1–12, 13–28, and 29–40.",للعرض التثقيفي، يمكن لنسوة تقسيم الحمل وفق المصدر إلى ثلاثة أثلاث: الأسابيع 1–12، ثم 13–28، ثم 29–40.,INFORMATIONAL,OWH_STAGES,Stages of pregnancy,https://womenshealth.gov/pregnancy/youre-pregnant-now-what/stages-pregnancy,Headings: First trimester / Second trimester / Third trimester,,,,SOURCE_DERIVED,TEXT_REUSE_OK_WITH_ATTRIBUTION,Medical reviewer,DRAFT_REVIEW_REQUIRED,NOT_APPROVED_NOT_PUBLISHED,
HL-PREG-003,HEALTH,PREGNANCY,Common early changes,"Common first-trimester changes can include fatigue, breast tenderness, nausea, mood changes, constipation, frequent urination, headache, and heartburn. Their presence or absence does not confirm that a pregnancy is healthy.",قد تشمل التغيرات الشائعة في الثلث الأول التعب وألم أو احتقان الثدي والغثيان وتقلب المزاج والإمساك وكثرة التبول والصداع والحموضة. وجود هذه الأعراض أو غيابها لا يؤكد سلامة الحمل.,INFORMATIONAL,OWH_STAGES,Stages of pregnancy,https://womenshealth.gov/pregnancy/youre-pregnant-now-what/stages-pregnancy,First trimester,,,,SOURCE_DERIVED,TEXT_REUSE_OK_WITH_ATTRIBUTION,Medical reviewer,DRAFT_REVIEW_REQUIRED,NOT_APPROVED_NOT_PUBLISHED,
HL-PREG-004,HEALTH,PREGNANCY,Early prenatal care,Niswah should encourage early and regular prenatal care; app guidance is not a substitute for prenatal checkups and screening.,ينبغي لنسوة أن تشجّع على الرعاية السابقة للولادة مبكرًا وبانتظام؛ وإرشادات التطبيق لا تُغني عن زيارات المتابعة والفحوصات.,ROUTINE_CLINICIAN,OWH_PRENATAL,Prenatal care and tests,https://womenshealth.gov/pregnancy/youre-pregnant-now-what/prenatal-care-and-tests,Introduction and Prenatal checkups,,,,SOURCE_DERIVED,TEXT_REUSE_OK_WITH_ATTRIBUTION,Medical reviewer,DRAFT_REVIEW_REQUIRED,NOT_APPROVED_NOT_PUBLISHED,
HL-PREG-005,HEALTH,PREGNANCY,Pregnancy bleeding,"Any vaginal bleeding during pregnancy should be taken seriously and discussed with a clinician. Bleeding that is more than spotting, or bleeding with other urgent warning signs, should follow the urgent maternal-warning pathway.",أي نزف مهبلي أثناء الحمل ينبغي أخذه بجدية ومناقشته مع مختص صحي. وإذا كان النزف أكثر من مجرد تبقّع أو ترافق مع علامات تحذير عاجلة أخرى، فيتبع مسار التحذيرات العاجلة للحمل.,PROMPT_CLINICIAN_OR_URGENT,OWH_PERIOD,Period problems,https://womenshealth.gov/menstrual-cycle/period-problems,Missing periods → pregnancy: spotting during pregnancy should be seen by a doctor/nurse,CDC_WARN,https://www.cdc.gov/hearher/maternal-warning-signs/index.html,Vaginal bleeding or fluid leaking during pregnancy,SOURCE_DERIVED,TEXT_REUSE_OK_WITH_ATTRIBUTION,Medical reviewer,DRAFT_REVIEW_REQUIRED,NOT_APPROVED_NOT_PUBLISHED,
HL-PREG-006,HEALTH,PREGNANCY,Bleeding uncertainty,"Pregnancy bleeding can have different causes, some serious. Niswah should not diagnose the cause from chat or tracking data alone and should direct the user to appropriate clinical assessment.",قد يكون للنزف أثناء الحمل أسباب مختلفة، وبعضها خطير. لذلك لا ينبغي لنسوة تشخيص السبب من المحادثة أو بيانات التتبع وحدها، بل توجيه المستخدمة للتقييم الطبي المناسب.,PROMPT_CLINICIAN,OWH_PERIOD,Period problems,https://womenshealth.gov/menstrual-cycle/period-problems,Heavy bleeding → pregnancy problems; missing periods → pregnancy spotting,,,,SOURCE_DERIVED_PLUS_PRODUCT_POLICY,TEXT_REUSE_OK_WITH_ATTRIBUTION,Medical reviewer,DRAFT_REVIEW_REQUIRED,NOT_APPROVED_NOT_PUBLISHED,
HL-PREG-007,HEALTH,PREGNANCY,Bleeding with pain/fainting,"Pregnancy bleeding accompanied by severe abdominal pain, fainting, severe dizziness, chest pain, or trouble breathing requires urgent medical evaluation.",النزف أثناء الحمل إذا ترافق مع ألم شديد بالبطن أو إغماء أو دوخة شديدة أو ألم بالصدر أو صعوبة في التنفس يحتاج إلى تقييم طبي عاجل.,URGENT,CDC_WARN,Urgent Maternal Warning Signs and Symptoms,https://www.cdc.gov/hearher/maternal-warning-signs/index.html,"Warning signs: dizziness/fainting, chest pain, trouble breathing, severe belly pain, vaginal bleeding",,,,SOURCE_DERIVED,PUBLIC_DOMAIN_MOST_TEXT_PAGE_CHECK,Medical reviewer,DRAFT_REVIEW_REQUIRED,NOT_APPROVED_NOT_PUBLISHED,
HL-PREG-008,HEALTH,PREGNANCY,Bleeding at any stage,Bleeding more than spotting at any stage of pregnancy is an urgent maternal warning sign in the CDC source and should not be handled as routine cycle information.,النزف الذي يتجاوز التبقّع في أي مرحلة من الحمل يُعد علامة تحذير عاجلة في مصدر CDC، ولا ينبغي التعامل معه كمعلومة دورة روتينية.,URGENT,CDC_WARN,Urgent Maternal Warning Signs and Symptoms,https://www.cdc.gov/hearher/maternal-warning-signs/index.html,Vaginal bleeding or fluid leaking during pregnancy,,,,SOURCE_DERIVED,PUBLIC_DOMAIN_MOST_TEXT_PAGE_CHECK,Medical reviewer,DRAFT_REVIEW_REQUIRED,NOT_APPROVED_NOT_PUBLISHED,
HL-PREG-009,HEALTH,PREGNANCY,Maternal warning signs,Niswah should recognize the CDC urgent maternal warning signs during pregnancy and route them to immediate medical care rather than continuing ordinary educational chat.,ينبغي لنسوة التعرف على علامات التحذير العاجلة للأم أثناء الحمل وفق CDC وتوجيه المستخدمة إلى رعاية طبية فورية بدل مواصلة المحادثة التثقيفية المعتادة.,URGENT,CDC_WARN,Urgent Maternal Warning Signs and Symptoms,https://www.cdc.gov/hearher/maternal-warning-signs/index.html,Key points and Signs and symptoms,,,,SOURCE_DERIVED_PLUS_PRODUCT_POLICY,PUBLIC_DOMAIN_MOST_TEXT_PAGE_CHECK,Medical reviewer,DRAFT_REVIEW_REQUIRED,NOT_APPROVED_NOT_PUBLISHED,
HL-PREG-010,HEALTH,PREGNANCY,Reduced fetal movement,"If a user reports that the baby's movement has stopped or is noticeably less than before, Niswah should advise prompt medical assessment; the app should not use a fixed movement count as a diagnostic rule.",إذا أفادت المستخدمة بأن حركة الجنين توقفت أو انخفضت بوضوح عن المعتاد، فينبغي لنسوة أن تنصح بتقييم طبي سريع، وألا تستخدم عددًا ثابتًا من الحركات كقاعدة تشخيصية.,URGENT,CDC_WARN,Urgent Maternal Warning Signs and Symptoms,https://www.cdc.gov/hearher/maternal-warning-signs/index.html,Baby’s movement stopping or slowing during pregnancy,,,,SOURCE_DERIVED,PUBLIC_DOMAIN_MOST_TEXT_PAGE_CHECK,Medical reviewer,DRAFT_REVIEW_REQUIRED,NOT_APPROVED_NOT_PUBLISHED,
HL-PREG-011,HEALTH,PREGNANCY,Medication and herbal products,"During pregnancy, users should check prescription medicines, over-the-counter medicines, herbs, and supplements with a clinician before starting or stopping them. Stopping a needed medicine can also be harmful.",أثناء الحمل، ينبغي مراجعة الطبيب بشأن الأدوية الموصوفة والأدوية المتاحة دون وصفة والأعشاب والمكملات قبل البدء بها أو إيقافها. كما أن إيقاف دواء ضروري قد يكون ضارًا أيضًا.,ROUTINE_CLINICIAN,OWH_PREG_SAFE,Staying healthy and safe,https://womenshealth.gov/pregnancy/youre-pregnant-now-what/staying-healthy-and-safe,Using medicine and herbs,,,,SOURCE_DERIVED,TEXT_REUSE_OK_WITH_ATTRIBUTION,Medical reviewer,DRAFT_REVIEW_REQUIRED,NOT_APPROVED_NOT_PUBLISHED,
HL-PREG-012,HEALTH,PREGNANCY,Preconception folic acid,"For people who can become pregnant, the OWH source recommends 400–800 micrograms of folic acid daily, with individualized higher-dose decisions left to a clinician.",لمن يمكن أن تحمل، يوصي مصدر مكتب صحة المرأة بتناول 400–800 ميكروغرام من حمض الفوليك يوميًا، وتُترك الجرعات الأعلى المخصصة للحالات الخاصة لقرار الطبيب.,INFORMATIONAL,OWH_FOLATE,Folic acid,https://womenshealth.gov/a-z-topics/folic-acid,How much folic acid do women need? / Preconception health,OWH_PRECON,https://womenshealth.gov/pregnancy/you-get-pregnant/preconception-health,Five most important things to boost preconception health,SOURCE_DERIVED,TEXT_REUSE_OK_WITH_ATTRIBUTION,Medical reviewer,DRAFT_REVIEW_REQUIRED,NOT_APPROVED_NOT_PUBLISHED,Medical reviewer should confirm how Niswah presents dosing in Saudi-market context and whether local national guidance should supersede.
HL-PREG-013,HEALTH,PREGNANCY,Week estimate semantics,"An app-calculated pregnancy week or due-date estimate is a dating estimate based on available information; it does not confirm fetal development, location, or viability.",أسبوع الحمل أو موعد الولادة الذي يحسبه التطبيق هو تقدير زمني مبني على المعلومات المتاحة، ولا يؤكد نمو الجنين أو مكان الحمل أو سلامته.,INFORMATIONAL,OWH_STAGES,Stages of pregnancy,https://womenshealth.gov/pregnancy/youre-pregnant-now-what/stages-pregnancy,Pregnancy counted from last normal period; stage descriptions,,,,SOURCE_DERIVED_PLUS_PRODUCT_POLICY,TEXT_REUSE_OK_WITH_ATTRIBUTION,Medical reviewer,DRAFT_REVIEW_REQUIRED,NOT_APPROVED_NOT_PUBLISHED,
HL-PREG-014,HEALTH,PREGNANCY,High-risk flags,"If Niswah receives a high-risk pregnancy flag or the user reports a serious warning symptom, the AI should lower its threshold for directing the user to professional care and must not convert the flag into a diagnosis.",إذا كانت لدى نسوة إشارة إلى حمل مرتفع الخطورة أو أبلغت المستخدمة عن عرض تحذيري خطير، فينبغي للذكاء الاصطناعي أن يرفع أولوية التوجيه للرعاية المتخصصة دون تحويل الإشارة إلى تشخيص.,PROMPT_CLINICIAN_OR_URGENT,OWH_PRENATAL,Prenatal care and tests,https://womenshealth.gov/pregnancy/youre-pregnant-now-what/prenatal-care-and-tests,Prenatal provider/checkups: high-risk pregnancies need more frequent/appropriate care,CDC_WARN,https://www.cdc.gov/hearher/maternal-warning-signs/index.html,Urgent maternal warning signs,PRODUCT_SAFETY_POLICY_SUPPORTED_BY_SOURCE,TEXT_REUSE_OK_WITH_ATTRIBUTION,Medical reviewer,DRAFT_REVIEW_REQUIRED,NOT_APPROVED_NOT_PUBLISHED,
HL-POST-001,HEALTH,POSTPARTUM,Lochia,"After birth, vaginal discharge called lochia contains blood and tissue from the uterus. It is heavier and redder at first and normally becomes lighter in flow and color over the following weeks.",بعد الولادة يحدث إفراز مهبلي يسمى الهلابة (Lochia) يحتوي على دم وأنسجة من الرحم. يكون عادةً أغزر وأكثر احمرارًا في البداية ثم يخف تدريجيًا في الكمية واللون خلال الأسابيع التالية.,INFORMATIONAL,OWH_RECOVERY,Recovering from birth,https://womenshealth.gov/pregnancy/childbirth-and-beyond/recovering-birth,Physical changes → lochia,,,,SOURCE_DERIVED,TEXT_REUSE_OK_WITH_ATTRIBUTION,Medical reviewer,DRAFT_REVIEW_REQUIRED,NOT_APPROVED_NOT_PUBLISHED,
HL-POST-002,HEALTH,POSTPARTUM,Concerning postpartum bleeding,"Postpartum heavy bleeding that soaks one or more pads in an hour, passage of clots larger than an egg or tissue, or foul-smelling discharge is an urgent maternal warning sign.",النزف الغزير بعد الولادة الذي يشبع فوطة أو أكثر خلال ساعة، أو خروج كتل دموية أكبر من البيضة أو أنسجة، أو وجود إفرازات كريهة الرائحة، يُعد علامة تحذير عاجلة للأم.,URGENT,CDC_WARN,Urgent Maternal Warning Signs and Symptoms,https://www.cdc.gov/hearher/maternal-warning-signs/index.html,Vaginal bleeding or discharge after pregnancy,,,,SOURCE_DERIVED,PUBLIC_DOMAIN_MOST_TEXT_PAGE_CHECK,Medical reviewer,DRAFT_REVIEW_REQUIRED,NOT_APPROVED_NOT_PUBLISHED,
HL-POST-003,HEALTH,POSTPARTUM,Severe headache,"A severe, sudden, persistent, or worsening headache during pregnancy or within a year after delivery is an urgent maternal warning sign, especially when accompanied by vision changes or dizziness.",الصداع الشديد أو المفاجئ أو المستمر أو المتفاقم أثناء الحمل أو خلال سنة بعد الولادة يُعد علامة تحذير عاجلة، خاصة إذا ترافق مع تغيرات في الرؤية أو دوخة.,URGENT,CDC_WARN,Urgent Maternal Warning Signs and Symptoms,https://www.cdc.gov/hearher/maternal-warning-signs/index.html,Headache that won’t go away or gets worse over time,,,,SOURCE_DERIVED,PUBLIC_DOMAIN_MOST_TEXT_PAGE_CHECK,Medical reviewer,DRAFT_REVIEW_REQUIRED,NOT_APPROVED_NOT_PUBLISHED,
HL-POST-004,HEALTH,POSTPARTUM,Fever,A temperature of 38°C (100.4°F) or higher during pregnancy or the postpartum period is an urgent maternal warning sign and should prompt immediate medical care.,درجة حرارة 38°م (100.4°ف) أو أعلى أثناء الحمل أو بعد الولادة تُعد علامة تحذير عاجلة وتستدعي رعاية طبية فورية.,URGENT,CDC_WARN,Urgent Maternal Warning Signs and Symptoms,https://www.cdc.gov/hearher/maternal-warning-signs/index.html,Fever of 100.4°F or higher,,,,SOURCE_DERIVED,PUBLIC_DOMAIN_MOST_TEXT_PAGE_CHECK,Medical reviewer,DRAFT_REVIEW_REQUIRED,NOT_APPROVED_NOT_PUBLISHED,
HL-POST-005,HEALTH,POSTPARTUM,Chest pain,"Chest pain, pressure, a racing or irregular heartbeat, especially with dizziness or breathing difficulty, is an urgent maternal warning sign.",ألم أو ضغط في الصدر، أو تسارع أو عدم انتظام ضربات القلب، خاصة مع الدوخة أو صعوبة التنفس، يُعد علامة تحذير عاجلة للأم.,URGENT,CDC_WARN,Urgent Maternal Warning Signs and Symptoms,https://www.cdc.gov/hearher/maternal-warning-signs/index.html,Chest pain or fast-beating heart,,,,SOURCE_DERIVED,PUBLIC_DOMAIN_MOST_TEXT_PAGE_CHECK,Medical reviewer,DRAFT_REVIEW_REQUIRED,NOT_APPROVED_NOT_PUBLISHED,
HL-POST-006,HEALTH,POSTPARTUM,Breathing difficulty,New or worsening trouble breathing during pregnancy or postpartum requires urgent medical care.,صعوبة التنفس الجديدة أو المتفاقمة أثناء الحمل أو بعد الولادة تحتاج إلى رعاية طبية عاجلة.,URGENT,CDC_WARN,Urgent Maternal Warning Signs and Symptoms,https://www.cdc.gov/hearher/maternal-warning-signs/index.html,Trouble Breathing,,,,SOURCE_DERIVED,PUBLIC_DOMAIN_MOST_TEXT_PAGE_CHECK,Medical reviewer,DRAFT_REVIEW_REQUIRED,NOT_APPROVED_NOT_PUBLISHED,
HL-POST-007,HEALTH,POSTPARTUM,Severe abdominal pain,"Severe abdominal pain that is sudden, persistent, or worsening during pregnancy or postpartum is an urgent maternal warning sign.",ألم البطن الشديد إذا كان مفاجئًا أو مستمرًا أو يزداد سوءًا أثناء الحمل أو بعد الولادة يُعد علامة تحذير عاجلة.,URGENT,CDC_WARN,Urgent Maternal Warning Signs and Symptoms,https://www.cdc.gov/hearher/maternal-warning-signs/index.html,Severe belly pain that doesn’t go away,,,,SOURCE_DERIVED,PUBLIC_DOMAIN_MOST_TEXT_PAGE_CHECK,Medical reviewer,DRAFT_REVIEW_REQUIRED,NOT_APPROVED_NOT_PUBLISHED,
HL-POST-008,HEALTH,POSTPARTUM,Baby blues vs postpartum depression,"Brief 'baby blues' can occur in the days after birth, but sadness, anxiety, hopelessness, or other depressive symptoms that persist beyond about two weeks or interfere with daily functioning should be discussed with a health professional.",قد تظهر مشاعر عابرة من الحزن أو القلق بعد الولادة خلال الأيام الأولى، لكن استمرار الحزن أو القلق أو اليأس أو أعراض الاكتئاب لأكثر من نحو أسبوعين أو تأثيرها في القدرة على أداء المهام اليومية يستدعي التواصل مع مختص صحي.,PROMPT_CLINICIAN,OWH_PPD,Postpartum depression,https://womenshealth.gov/mental-health/mental-health-conditions/postpartum-depression,What is postpartum depression? / difference between baby blues and postpartum depression / when to call,,,,SOURCE_DERIVED,TEXT_REUSE_OK_WITH_ATTRIBUTION,Medical reviewer,DRAFT_REVIEW_REQUIRED,NOT_APPROVED_NOT_PUBLISHED,
HL-POST-009,HEALTH,POSTPARTUM,Self-harm or harm-baby thoughts,Thoughts of harming yourself or your baby require immediate safety escalation and urgent professional help.,أفكار إيذاء النفس أو إيذاء الطفل تتطلب تصعيدًا فوريًا للسلامة وطلب مساعدة مهنية عاجلة.,EMERGENCY,OWH_PPD,Postpartum depression,https://womenshealth.gov/mental-health/mental-health-conditions/postpartum-depression,How do I know if I have postpartum depression? / What should I do?,CDC_WARN,https://www.cdc.gov/hearher/maternal-warning-signs/index.html,Thoughts about harming yourself or your baby,SOURCE_DERIVED,TEXT_REUSE_OK_WITH_ATTRIBUTION,Medical reviewer,DRAFT_REVIEW_REQUIRED,NOT_APPROVED_NOT_PUBLISHED,
HL-POST-010,HEALTH,POSTPARTUM,Postpartum risk window,"Pregnancy-related complications can occur after delivery, including during the year after pregnancy. Niswah's safety checks should remain active throughout that period.",قد تحدث مضاعفات مرتبطة بالحمل بعد الولادة، بما في ذلك خلال السنة التالية للحمل. لذلك ينبغي أن تبقى فحوص السلامة في نسوة فعالة خلال هذه الفترة.,INFORMATIONAL,CDC_WARN,Urgent Maternal Warning Signs and Symptoms,https://www.cdc.gov/hearher/maternal-warning-signs/index.html,Key points: warning signs during pregnancy and in the year after delivery,,,,SOURCE_DERIVED_PLUS_PRODUCT_POLICY,PUBLIC_DOMAIN_MOST_TEXT_PAGE_CHECK,Medical reviewer,DRAFT_REVIEW_REQUIRED,NOT_APPROVED_NOT_PUBLISHED,
HL-POST-011,HEALTH,POSTPARTUM,Postnatal follow-up,"Postpartum recovery should include professional follow-up. Niswah may support education and symptom tracking, but it should not replace postnatal clinical care.",ينبغي أن تشمل مرحلة التعافي بعد الولادة متابعة مهنية. يمكن لنسوة دعم التثقيف وتتبع الأعراض، لكنها لا تُغني عن الرعاية الطبية بعد الولادة.,ROUTINE_CLINICIAN,OWH_RECOVERY,Recovering from birth,https://womenshealth.gov/pregnancy/childbirth-and-beyond/recovering-birth,Physical changes / postpartum visit,,,,SOURCE_DERIVED_PLUS_PRODUCT_POLICY,TEXT_REUSE_OK_WITH_ATTRIBUTION,Medical reviewer,DRAFT_REVIEW_REQUIRED,NOT_APPROVED_NOT_PUBLISHED,
HL-WELL-001,HEALTH,WELLBEING,Mood check-in semantics,A mood or wellbeing check-in is a self-report signal for context and trend tracking; it is not a psychiatric diagnosis.,تسجيل المزاج أو الرفاه هو إشارة ذاتية تفيد في فهم السياق وتتبع التغيرات، وليس تشخيصًا نفسيًا.,INFORMATIONAL,OWH_PPD,Postpartum depression,https://womenshealth.gov/mental-health/mental-health-conditions/postpartum-depression,Symptoms and professional assessment sections,,,,PRODUCT_SAFETY_POLICY_SUPPORTED_BY_SOURCE,TEXT_REUSE_OK_WITH_ATTRIBUTION,Medical reviewer,DRAFT_REVIEW_REQUIRED,NOT_APPROVED_NOT_PUBLISHED,
HL-WELL-002,HEALTH,WELLBEING,Persistent low mood postpartum,"Persistent postpartum sadness, anxiety, hopelessness, or loss of interest lasting more than about two weeks should prompt professional assessment.",استمرار الحزن أو القلق أو اليأس أو فقدان الاهتمام بعد الولادة لأكثر من نحو أسبوعين يستدعي تقييمًا مهنيًا.,PROMPT_CLINICIAN,OWH_PPD,Postpartum depression,https://womenshealth.gov/mental-health/mental-health-conditions/postpartum-depression,How do I know if I have postpartum depression?,,,,SOURCE_DERIVED,TEXT_REUSE_OK_WITH_ATTRIBUTION,Medical reviewer,DRAFT_REVIEW_REQUIRED,NOT_APPROVED_NOT_PUBLISHED,
HL-WELL-003,HEALTH,WELLBEING,Sleep and energy context,"Sleep and energy changes can provide useful context, but Niswah should not diagnose depression or another condition from those signals alone.",قد تساعد تغيرات النوم والطاقة في فهم السياق، لكن لا ينبغي لنسوة تشخيص الاكتئاب أو أي حالة أخرى بناءً على هذه الإشارات وحدها.,INFORMATIONAL,OWH_PPD,Postpartum depression,https://womenshealth.gov/mental-health/mental-health-conditions/postpartum-depression,Postpartum depression symptoms include sleep and functioning changes,,,,PRODUCT_SAFETY_POLICY_SUPPORTED_BY_SOURCE,TEXT_REUSE_OK_WITH_ATTRIBUTION,Medical reviewer,DRAFT_REVIEW_REQUIRED,NOT_APPROVED_NOT_PUBLISHED,
HL-WELL-004,HEALTH,WELLBEING,Self-harm escalation,Any report of self-harm thoughts overrides ordinary wellbeing coaching and triggers immediate safety escalation.,أي إفادة بوجود أفكار لإيذاء النفس تتجاوز مسار إرشادات الرفاه المعتادة وتفعّل تصعيد السلامة الفوري.,EMERGENCY,OWH_PPD,Postpartum depression,https://womenshealth.gov/mental-health/mental-health-conditions/postpartum-depression,Thoughts about hurting yourself,CDC_WARN,https://www.cdc.gov/hearher/maternal-warning-signs/index.html,Thoughts about harming yourself or your baby,SOURCE_DERIVED_PLUS_PRODUCT_POLICY,TEXT_REUSE_OK_WITH_ATTRIBUTION,Medical reviewer,DRAFT_REVIEW_REQUIRED,NOT_APPROVED_NOT_PUBLISHED,
HL-WELL-005,HEALTH,WELLBEING,Medical symptoms outrank coaching,"If a wellbeing conversation also contains pregnancy, postpartum, or bleeding warning signs, the safety/escalation response takes precedence over generic self-care coaching.",إذا تضمنت محادثة الرفاه أيضًا علامات تحذير مرتبطة بالحمل أو ما بعد الولادة أو النزف، فإن مسار السلامة والتصعيد يتقدم على نصائح العناية الذاتية العامة.,URGENT_IF_RED_FLAG,CDC_WARN,Urgent Maternal Warning Signs and Symptoms,https://www.cdc.gov/hearher/maternal-warning-signs/index.html,Key points and warning signs,,,,PRODUCT_SAFETY_POLICY_SUPPORTED_BY_SOURCE,PUBLIC_DOMAIN_MOST_TEXT_PAGE_CHECK,Medical reviewer,DRAFT_REVIEW_REQUIRED,NOT_APPROVED_NOT_PUBLISHED,
SAFE-001,SAFETY_ESCALATION,SAFETY,Safety precedence,"Safety screening must run before ordinary health-answer generation. If an urgent maternal warning sign is detected, Niswah should prioritize immediate medical-care guidance over normal educational dialogue.",يجب أن يسبق فحص السلامة توليد الإجابة الصحية العادية. وعند اكتشاف علامة تحذير عاجلة للأم، تعطي نسوة الأولوية للتوجيه نحو الرعاية الطبية الفورية بدل الحوار التثقيفي المعتاد.,URGENT,CDC_WARN,Urgent Maternal Warning Signs and Symptoms,https://www.cdc.gov/hearher/maternal-warning-signs/index.html,Key points,,,,PRODUCT_SAFETY_POLICY_SUPPORTED_BY_SOURCE,PUBLIC_DOMAIN_MOST_TEXT_PAGE_CHECK,Medical safety reviewer,DRAFT_REVIEW_REQUIRED,NOT_APPROVED_NOT_PUBLISHED,
SAFE-002,SAFETY_ESCALATION,SAFETY,Pregnancy bleeding,"During pregnancy, vaginal bleeding that is more than spotting, fluid leakage, or foul-smelling discharge is an urgent maternal warning sign. Even lighter spotting should be discussed with a clinician.",أثناء الحمل، يُعد النزف المهبلي الذي يتجاوز التبقّع أو نزول السوائل أو وجود إفرازات كريهة الرائحة علامة تحذير عاجلة. وحتى التبقع الأخف ينبغي مناقشته مع مختص صحي.,PROMPT_CLINICIAN_OR_URGENT,CDC_WARN,Urgent Maternal Warning Signs and Symptoms,https://www.cdc.gov/hearher/maternal-warning-signs/index.html,Vaginal bleeding or fluid leaking during pregnancy,OWH_PERIOD,https://womenshealth.gov/menstrual-cycle/period-problems,Pregnancy spotting → see doctor/nurse,SOURCE_DERIVED,PUBLIC_DOMAIN_MOST_TEXT_PAGE_CHECK,Medical safety reviewer,DRAFT_REVIEW_REQUIRED,NOT_APPROVED_NOT_PUBLISHED,
SAFE-003,SAFETY_ESCALATION,SAFETY,Heavy bleeding plus systemic symptoms,"Heavy menstrual bleeding with dizziness, marked weakness, chest pain, or trouble breathing requires prompt medical evaluation; chest pain or breathing difficulty should be treated as urgent.",النزف الحيضي الغزير المصحوب بدوخة أو ضعف واضح أو ألم في الصدر أو صعوبة في التنفس يحتاج إلى تقييم طبي سريع، ويُعامل ألم الصدر أو صعوبة التنفس كحالة عاجلة.,URGENT_IF_CHEST_OR_BREATHING,OWH_PERIOD,Period problems,https://womenshealth.gov/menstrual-cycle/period-problems,Heavy bleeding → When to call the doctor,CDC_WARN,https://www.cdc.gov/hearher/maternal-warning-signs/index.html,Chest pain / trouble breathing / dizziness,SOURCE_DERIVED,TEXT_REUSE_OK_WITH_ATTRIBUTION,Medical safety reviewer,DRAFT_REVIEW_REQUIRED,NOT_APPROVED_NOT_PUBLISHED,
SAFE-004,SAFETY_ESCALATION,SAFETY,Severe headache,"A severe, sudden, persistent, or worsening headache during pregnancy or within a year after delivery is an urgent maternal warning sign.",الصداع الشديد أو المفاجئ أو المستمر أو المتفاقم أثناء الحمل أو خلال سنة بعد الولادة يُعد علامة تحذير عاجلة للأم.,URGENT,CDC_WARN,Urgent Maternal Warning Signs and Symptoms,https://www.cdc.gov/hearher/maternal-warning-signs/index.html,Headache that won’t go away or gets worse over time,,,,SOURCE_DERIVED,PUBLIC_DOMAIN_MOST_TEXT_PAGE_CHECK,Medical safety reviewer,DRAFT_REVIEW_REQUIRED,NOT_APPROVED_NOT_PUBLISHED,
SAFE-005,SAFETY_ESCALATION,SAFETY,Chest pain,"Chest pain or pressure, particularly with a fast/irregular heartbeat, dizziness, faintness, or breathing difficulty, requires urgent medical care in pregnancy or postpartum.",ألم أو ضغط الصدر، خصوصًا إذا ترافق مع تسارع أو عدم انتظام ضربات القلب أو دوخة أو شعور بالإغماء أو صعوبة في التنفس، يحتاج إلى رعاية طبية عاجلة أثناء الحمل أو بعد الولادة.,URGENT,CDC_WARN,Urgent Maternal Warning Signs and Symptoms,https://www.cdc.gov/hearher/maternal-warning-signs/index.html,Chest pain or fast-beating heart,,,,SOURCE_DERIVED,PUBLIC_DOMAIN_MOST_TEXT_PAGE_CHECK,Medical safety reviewer,DRAFT_REVIEW_REQUIRED,NOT_APPROVED_NOT_PUBLISHED,
SAFE-006,SAFETY_ESCALATION,SAFETY,Trouble breathing,"New, sudden, or worsening trouble breathing during pregnancy or postpartum requires urgent medical evaluation.",صعوبة التنفس الجديدة أو المفاجئة أو المتفاقمة أثناء الحمل أو بعد الولادة تحتاج إلى تقييم طبي عاجل.,URGENT,CDC_WARN,Urgent Maternal Warning Signs and Symptoms,https://www.cdc.gov/hearher/maternal-warning-signs/index.html,Trouble Breathing,,,,SOURCE_DERIVED,PUBLIC_DOMAIN_MOST_TEXT_PAGE_CHECK,Medical safety reviewer,DRAFT_REVIEW_REQUIRED,NOT_APPROVED_NOT_PUBLISHED,
SAFE-007,SAFETY_ESCALATION,SAFETY,Fainting or severe dizziness,Fainting or persistent/severe dizziness during pregnancy or postpartum is an urgent maternal warning sign and should trigger immediate medical-care guidance.,الإغماء أو الدوخة الشديدة أو المستمرة أثناء الحمل أو بعد الولادة تُعد علامة تحذير عاجلة وتستدعي توجيهًا فوريًا للرعاية الطبية.,URGENT,CDC_WARN,Urgent Maternal Warning Signs and Symptoms,https://www.cdc.gov/hearher/maternal-warning-signs/index.html,Dizziness or fainting,,,,SOURCE_DERIVED,PUBLIC_DOMAIN_MOST_TEXT_PAGE_CHECK,Medical safety reviewer,DRAFT_REVIEW_REQUIRED,NOT_APPROVED_NOT_PUBLISHED,
SAFE-008,SAFETY_ESCALATION,SAFETY,Fever,A fever of 38°C (100.4°F) or higher during pregnancy or postpartum is an urgent maternal warning sign.,الحمى بدرجة 38°م (100.4°ف) أو أعلى أثناء الحمل أو بعد الولادة تُعد علامة تحذير عاجلة.,URGENT,CDC_WARN,Urgent Maternal Warning Signs and Symptoms,https://www.cdc.gov/hearher/maternal-warning-signs/index.html,Fever of 100.4°F or higher,,,,SOURCE_DERIVED,PUBLIC_DOMAIN_MOST_TEXT_PAGE_CHECK,Medical safety reviewer,DRAFT_REVIEW_REQUIRED,NOT_APPROVED_NOT_PUBLISHED,
SAFE-009,SAFETY_ESCALATION,SAFETY,Severe abdominal pain,"Severe abdominal pain that starts suddenly, does not go away, or worsens over time during pregnancy or postpartum requires urgent assessment.",ألم البطن الشديد الذي يبدأ فجأة أو لا يزول أو يزداد مع الوقت أثناء الحمل أو بعد الولادة يحتاج إلى تقييم عاجل.,URGENT,CDC_WARN,Urgent Maternal Warning Signs and Symptoms,https://www.cdc.gov/hearher/maternal-warning-signs/index.html,Severe belly pain that doesn’t go away,,,,SOURCE_DERIVED,PUBLIC_DOMAIN_MOST_TEXT_PAGE_CHECK,Medical safety reviewer,DRAFT_REVIEW_REQUIRED,NOT_APPROVED_NOT_PUBLISHED,
SAFE-010,SAFETY_ESCALATION,SAFETY,Self-harm or harm-baby thoughts,Thoughts of harming yourself or your baby require immediate safety escalation and urgent professional help; Niswah should not continue with ordinary coaching.,أفكار إيذاء النفس أو إيذاء الطفل تتطلب تصعيد سلامة فوريًا ومساعدة مهنية عاجلة، ولا ينبغي لنسوة مواصلة الإرشاد المعتاد.,EMERGENCY,CDC_WARN,Urgent Maternal Warning Signs and Symptoms,https://www.cdc.gov/hearher/maternal-warning-signs/index.html,Thoughts about harming yourself or your baby,OWH_PPD,https://womenshealth.gov/mental-health/mental-health-conditions/postpartum-depression,Thoughts of harming baby or self,SOURCE_DERIVED_PLUS_PRODUCT_POLICY,PUBLIC_DOMAIN_MOST_TEXT_PAGE_CHECK,Medical safety reviewer,DRAFT_REVIEW_REQUIRED,NOT_APPROVED_NOT_PUBLISHED,
SAFE-011,SAFETY_ESCALATION,SAFETY,Vision changes,"New blurred vision, flashing lights, blind spots, double vision, or temporary loss of vision during pregnancy/postpartum is an urgent maternal warning sign.",ظهور زغللة جديدة أو ومضات ضوئية أو بقع عمياء أو ازدواجية في الرؤية أو فقدان مؤقت للرؤية أثناء الحمل أو بعد الولادة يُعد علامة تحذير عاجلة.,URGENT,CDC_WARN,Urgent Maternal Warning Signs and Symptoms,https://www.cdc.gov/hearher/maternal-warning-signs/index.html,Changes in your vision,,,,SOURCE_DERIVED,PUBLIC_DOMAIN_MOST_TEXT_PAGE_CHECK,Medical safety reviewer,DRAFT_REVIEW_REQUIRED,NOT_APPROVED_NOT_PUBLISHED,
SAFE-012,SAFETY_ESCALATION,SAFETY,Extreme swelling,Sudden or extreme swelling of the hands or face during pregnancy is an urgent maternal warning sign and should prompt immediate medical care.,التورم المفاجئ أو الشديد في اليدين أو الوجه أثناء الحمل يُعد علامة تحذير عاجلة ويستدعي رعاية طبية فورية.,URGENT,CDC_WARN,Urgent Maternal Warning Signs and Symptoms,https://www.cdc.gov/hearher/maternal-warning-signs/index.html,Extreme swelling of your hands or face,,,,SOURCE_DERIVED,PUBLIC_DOMAIN_MOST_TEXT_PAGE_CHECK,Medical safety reviewer,DRAFT_REVIEW_REQUIRED,NOT_APPROVED_NOT_PUBLISHED,
SAFE-013,SAFETY_ESCALATION,SAFETY,Severe nausea/vomiting,Severe nausea or vomiting with inability to keep fluids down or signs of dehydration during pregnancy/postpartum requires urgent medical assessment.,الغثيان أو القيء الشديد مع عدم القدرة على الاحتفاظ بالسوائل أو وجود علامات الجفاف أثناء الحمل أو بعد الولادة يحتاج إلى تقييم طبي عاجل.,URGENT,CDC_WARN,Urgent Maternal Warning Signs and Symptoms,https://www.cdc.gov/hearher/maternal-warning-signs/index.html,Severe nausea and throwing up,,,,SOURCE_DERIVED,PUBLIC_DOMAIN_MOST_TEXT_PAGE_CHECK,Medical safety reviewer,DRAFT_REVIEW_REQUIRED,NOT_APPROVED_NOT_PUBLISHED,
SAFE-014,SAFETY_ESCALATION,SAFETY,Reduced fetal movement,"If fetal movement has stopped or is clearly less than before, Niswah should advise prompt medical assessment rather than ask the user to wait for a fixed movement count.",إذا توقفت حركة الجنين أو انخفضت بوضوح عن المعتاد، ينبغي لنسوة أن تنصح بتقييم طبي سريع بدل مطالبة المستخدمة بانتظار عدد ثابت من الحركات.,URGENT,CDC_WARN,Urgent Maternal Warning Signs and Symptoms,https://www.cdc.gov/hearher/maternal-warning-signs/index.html,Baby’s movement stopping or slowing during pregnancy,,,,SOURCE_DERIVED,PUBLIC_DOMAIN_MOST_TEXT_PAGE_CHECK,Medical safety reviewer,DRAFT_REVIEW_REQUIRED,NOT_APPROVED_NOT_PUBLISHED,
SAFE-015,SAFETY_ESCALATION,SAFETY,Uncertainty and no diagnosis,"If Niswah cannot determine whether a symptom is serious, it should state the uncertainty and direct the user to a health professional; it must not invent reassurance or a diagnosis.",إذا لم تتمكن نسوة من تحديد مدى خطورة العرض، فعليها أن توضّح عدم اليقين وتوجّه المستخدمة إلى مختص صحي، وألا تختلق طمأنة أو تشخيصًا.,PROMPT_CLINICIAN,CDC_WARN,Urgent Maternal Warning Signs and Symptoms,https://www.cdc.gov/hearher/maternal-warning-signs/index.html,"Final note: if something does not feel right or you are not sure if it is serious, talk to a health care provider",,,,SOURCE_DERIVED_PLUS_PRODUCT_POLICY,PUBLIC_DOMAIN_MOST_TEXT_PAGE_CHECK,Medical safety reviewer,DRAFT_REVIEW_REQUIRED,NOT_APPROVED_NOT_PUBLISHED,