atom_id,domain,audit_status,primary_source_check,secondary_source_check,scope_check,language_scope,production_disposition,audit_notes
HL-MENS-001,HEALTH,INSTITUTIONALLY_CORROBORATED,OWH confirms cycle starts on first day of period and is counted to first day of next period,NICHD independently confirms Day 1 is first day of bleeding,PASS,General educational tracking guidance,CANDIDATE_FOR_GUIDELINE_VERIFIED,Primary and secondary institutional sources align.
HL-MENS-002,HEALTH,CONFLICT_OR_JUDGMENT_REQUIRED,OWH states regular adult cycles usually 24-38 days,NICHD states 21-35 days for most women,PASS,Population guidance only; not individual diagnosis,HOLD_FOR_CONSERVATIVE_WORDING,Institutional sources use different population ranges. Avoid one universal numeric range unless source is explicitly named.
HL-MENS-003,HEALTH,INSTITUTIONALLY_CORROBORATED,OWH flags periods lasting longer than eight days for clinician review,NICHD states average menstruation about five days,PASS,Escalation guidance not diagnosis,CANDIDATE_FOR_GUIDELINE_VERIFIED,Draft correctly separates typical duration from escalation.
HL-MENS-004,HEALTH,INSTITUTIONALLY_CORROBORATED,OWH states cycle length can differ month-to-month and advises review for irregular cycles,OWH period-problems page independently supports clinician review for new irregularity,PASS,General guidance,CANDIDATE_FOR_GUIDELINE_VERIFIED,No diagnosis asserted.
HL-MENS-005,HEALTH,PRIMARY_SOURCE_VERIFIED,OWH advises medical review when irregular periods occur after previously normal cycles or outside its stated interval,,PASS,General escalation guidance,CANDIDATE_FOR_GUIDELINE_VERIFIED,Single authoritative federal source directly supports the proposition.
HL-MENS-006,HEALTH,SOURCE_SCOPE_CORRECTION_REQUIRED,OWH directly supports rapid pad/tampon saturation prolonged bleeding large clots dizziness weakness chest pain and trouble breathing,CDC maternal-warning source is limited to pregnancy/postpartum and must not be used as support for general menstrual bleeding,FAIL_SECONDARY_SCOPE,Menstrual-health escalation; pregnancy/postpartum evidence must not be generalized,HOLD_UNTIL_SECONDARY_REFERENCE_FIXED,Remove CDC maternal-warning citation from this menstrual atom or restrict it to pregnancy/postpartum contexts. OWH alone directly supports the current menstrual warning signs.
HL-MENS-007,HEALTH,PRIMARY_SOURCE_VERIFIED,OWH advises clinician review for spotting or bleeding outside the period,,PASS,Escalation guidance not diagnosis,CANDIDATE_FOR_GUIDELINE_VERIFIED,Direct support.
HL-MENS-008,HEALTH,PRIMARY_SOURCE_VERIFIED,OWH advises clinician review when bleeding after sex happens more than once,,PASS,Escalation guidance not diagnosis,CANDIDATE_FOR_GUIDELINE_VERIFIED,Direct support.
HL-MENS-009,HEALTH,PRIMARY_SOURCE_VERIFIED,OWH advises review for period pain not relieved by OTC measures or that disrupts normal activities,,PASS,Escalation guidance not diagnosis,CANDIDATE_FOR_GUIDELINE_VERIFIED,Direct support.
HL-MENS-010,HEALTH,INSTITUTIONALLY_CORROBORATED,OWH explicitly recommends tracking start date bleeding amount duration and symptoms for clinician discussion,OWH health page separately recommends tracking start duration bleeding and pain,PASS,Tracking support not diagnosis,CANDIDATE_FOR_GUIDELINE_VERIFIED,Strong internal consistency across official OWH pages.
HL-MENS-011,HEALTH,PRIMARY_SOURCE_VERIFIED,OWH advises medical review after three months without a period when not pregnant or breastfeeding,,PASS,Escalation guidance not diagnosis,CANDIDATE_FOR_GUIDELINE_VERIFIED,Direct support.
HL-MENS-012,HEALTH,PRIMARY_SOURCE_VERIFIED,OWH describes fertility tracking methods as pattern-based estimates and states basal-temperature rise does not show exactly when the egg is released,OWH menstrual-cycle guidance also frames tracking as pattern observation rather than direct ovulation confirmation,PASS,Prediction semantics plus product trust-boundary rule,CANDIDATE_FOR_GUIDELINE_VERIFIED,Source supports estimation uncertainty; the rule that predicted events must not be rendered as observed events is a product provenance requirement rather than a clinical claim.
HL-MENS-013,HEALTH,INSTITUTIONALLY_CORROBORATED,OWH period-problems guidance lists bleeding disorders among causes of heavy menstrual bleeding,OWH bleeding-disorders guidance independently states heavy periods may indicate a bleeding disorder and recommends clinician assessment,PASS,General education and escalation only,CANDIDATE_FOR_GUIDELINE_VERIFIED,Strong corroboration; do not infer a diagnosis from heavy bleeding alone.
HL-MENS-014,HEALTH,INSTITUTIONALLY_CORROBORATED,OWH advises that spotting during pregnancy should be discussed with a clinician,CDC maternal-warning guidance treats bleeding more than spotting during pregnancy as an urgent warning sign,PASS,Pregnancy-specific escalation,CANDIDATE_FOR_GUIDELINE_VERIFIED,Scopes align because this atom is explicitly pregnancy-specific.
HL-MENS-015,HEALTH,PRIMARY_SOURCE_VERIFIED,OWH lists multiple possible causes for irregular heavy or unusual bleeding and directs evaluation by a clinician,,PASS,Educational product boundary,CANDIDATE_FOR_GUIDELINE_VERIFIED,The no-diagnosis rule is a product safety constraint consistent with the source rather than a medical proposition requiring diagnostic inference.
HL-TTC-001,HEALTH,PRIMARY_SOURCE_VERIFIED,OWH fertility-awareness guidance identifies the time around ovulation as the period when pregnancy is more likely,,PASS,General fertility education,CANDIDATE_FOR_GUIDELINE_VERIFIED,Direct support for fertile-window concept without promising conception.
HL-TTC-002,HEALTH,PRIMARY_SOURCE_VERIFIED,OWH states basal-temperature rise does not show exactly when the egg is released and presents charting as fertility estimation,,PASS,Fertility estimate semantics,CANDIDATE_FOR_GUIDELINE_VERIFIED,Directly supports non-certainty of a predicted ovulation date.
HL-TTC-003,HEALTH,PRIMARY_SOURCE_VERIFIED,OWH states time before ovulation differs between women and can differ month to month in the same woman,,PASS,General fertility education,CANDIDATE_FOR_GUIDELINE_VERIFIED,Direct support.
HL-TTC-004,HEALTH,PRIMARY_SOURCE_VERIFIED,OWH states sperm can live for up to three days in the reproductive tract and intercourse before ovulation can result in pregnancy,,PASS,General fertility education,CANDIDATE_FOR_GUIDELINE_VERIFIED,Direct support under the cited source's stated duration.
HL-TTC-005,HEALTH,PRIMARY_SOURCE_VERIFIED,OWH describes highest fertility around ovulation and the 12-24 hours after ovulation,,PASS,General fertility education,CANDIDATE_FOR_GUIDELINE_VERIFIED,Current wording appropriately avoids turning the source interval into a personalized countdown.
HL-TTC-006,HEALTH,PRIMARY_SOURCE_VERIFIED,OWH calendar method uses recorded cycle history and recommends combining fertility-awareness methods for more accurate tracking,,PASS,General fertility estimation,CANDIDATE_FOR_GUIDELINE_VERIFIED,Source supports use of historical cycles and multimethod tracking; wording should continue to avoid proof-of-ovulation language.
HL-TTC-007,HEALTH,SOURCE_SCOPE_CORRECTION_REQUIRED,OWH supports cervical-mucus changes as a fertility-awareness signal and explicitly says the method is less reliable in several situations,,FAIL_WORDING_SCOPE,General fertility education,HOLD_FOR_WORDING_CORRECTION,The source does not directly establish the stronger statement that cervical mucus by itself cannot confirm ovulation. Narrow the canonical wording to signal fertility and state documented reliability limitations.
HL-TTC-008,HEALTH,PRIMARY_SOURCE_VERIFIED,OWH states basal body temperature rises slightly with ovulation and that the rise does not show exactly when the egg is released,,PASS,General fertility education,CANDIDATE_FOR_GUIDELINE_VERIFIED,Direct support.
HL-TTC-009,HEALTH,SOURCE_SCOPE_CORRECTION_REQUIRED,OWH states ovulation kits detect luteinizing-hormone surges and that LH triggers ovulation,,FAIL_WORDING_SCOPE,General fertility education,HOLD_FOR_WORDING_CORRECTION,The cited source does not directly support the stronger claim that a positive kit result does not guarantee ovulation conception or pregnancy. Keep detection/estimation wording unless a second authoritative source is added.
HL-TTC-010,HEALTH,INSTITUTIONALLY_CORROBORATED,NICHD recommends fertility consultation after one year of unprotected intercourse without pregnancy and gives an earlier exception for women older than 35,OWH independently describes infertility after one year of trying and earlier evaluation for older age groups,PASS,General fertility-evaluation guidance,CANDIDATE_FOR_GUIDELINE_VERIFIED,Under-35 one-year wording is conservative and consistent with the cited guidance.
HL-TTC-011,HEALTH,SOURCE_SCOPE_CORRECTION_REQUIRED,NICHD wording is women older than age 35 after six months rather than age 35 or older,OWH uses its own age framing for earlier evaluation,FAIL_AGE_BOUNDARY,General fertility-evaluation guidance,HOLD_FOR_WORDING_CORRECTION,Do not silently convert >35 to >=35. Choose a canonical authority and reproduce its boundary exactly or use nonnumeric conservative wording.
HL-TTC-012,HEALTH,PRIMARY_SOURCE_VERIFIED,NICHD explicitly lists suspected fertility-affecting problems such as irregular periods and known fertility-reducing conditions as exceptions to waiting a full year,,PASS,General fertility-evaluation guidance,CANDIDATE_FOR_GUIDELINE_VERIFIED,Direct support for earlier evaluation when risk factors are present.
