review_id,madhhab,category,subtopic,question_ar,question_en,evidence_status,source_supported_proposition_en,primary_locator,primary_url,secondary_locator,secondary_url,research_notes,scholar_review_prompt_ar,scholar_decision,approved_canonical_ruling_ar,approved_canonical_ruling_en,conditions_or_exceptions,reviewer_name,reviewer_qualification,review_date,review_notes,publication_status
MLK-HAID-01,maliki,Haid,Qualifying bleeding,ما الشروط التي تجعل الدم صالحًا للحكم عليه بأنه حيض؟,What conditions make bleeding eligible to be classified as Haid?,LOCATOR_VERIFIED,"Maliki texts define Haid as blood, including yellow/brown discharge, exiting naturally from the vagina of one who is ordinarily of an age/state capable of menstruation, excluding blood caused by childbirth.","حاشية الدسوقي, كتاب الطهارة, فصل الحيض والنفاس والاستحاضة, ص168",https://islamweb.net/ar/library/content/13/310/%D8%A8%D9%8A%D8%A7%D9%86-%D8%A7%D9%84%D8%AD%D9%8A%D8%B6-%D9%88%D9%85%D8%A7-%D9%8A%D8%AA%D8%B9%D9%84%D9%82-%D8%A8%D9%87,"مواهب الجليل, كتاب الطهارة, فصل في حكم الحيض والنفاس",https://islamweb.net/ar/library/content/19/412/%D9%81%D8%B5%D9%84-%D9%81%D9%8A-%D8%A8%D9%8A%D8%A7%D9%86-%D8%AD%D9%83%D9%85-%D8%A7%D9%84%D8%AD%D9%8A%D8%B6-%D9%88%D8%A7%D9%84%D9%86%D9%81%D8%A7%D8%B3,Scholar to approve exact app definition.,هل تلخص العبارة البحثية أدناه المعتمد في المذهب بدقة لهذه المسألة؟ إن كانت صحيحة فاعتمد/نقح الصياغة العربية والإنجليزية، وإن لم تكن كذلك فصححها مع بيان الشرط أو الاستثناء.,PENDING,,,,,,,,NOT_APPROVED_NOT_PUBLISHED
MLK-HAID-02,maliki,Haid,Age / eligibility,ما القيود المتعلقة بالعمر أو البلوغ التي تؤثر في إمكان اعتبار الدم حيضًا؟,What age or maturity constraints affect whether bleeding may be Haid?,SCHOLAR_CLARIFICATION_REQUIRED,Mawahib excludes blood of a clearly prepubescent child from Haid and records differing age boundaries; it emphasizes puberty signs and consultation with knowledgeable women rather than a single universal age cutoff.,"مواهب الجليل, فصل في حكم الحيض والنفاس",https://islamweb.net/ar/library/content/19/412/%D9%81%D8%B5%D9%84-%D9%81%D9%8A-%D8%A8%D9%8A%D8%A7%D9%86-%D8%AD%D9%83%D9%85-%D8%A7%D9%84%D8%AD%D9%8A%D8%B6-%D9%88%D8%A7%D9%84%D9%86%D9%81%D8%A7%D8%B3,,,Do not hard-code age nine as an unconditional Maliki rule.,يرجى تحديد القول المعتمد في المذهب لهذه المسألة وصياغة القاعدة التي يمكن لنسوة تطبيقها، مع بيان الشروط والاستثناءات. لا يكفي اعتماد الملخص البحثي إذا كان في المسألة خلاف داخل المذهب.,PENDING,,,,,,,,NOT_APPROVED_NOT_PUBLISHED
MLK-HAID-03,maliki,Haid,Pregnancy bleeding,هل يمكن اعتبار الدم أثناء الحمل حيضًا، وتحت أي شروط؟,"Can bleeding during pregnancy be classified as Haid, and under what conditions?",LOCATOR_VERIFIED,The Maliki school recognizes menstruation during pregnancy; Dasuqi gives pregnancy-stage-specific maximum durations for continued bleeding.,"حاشية الدسوقي, مدة الحيض, ص170",https://www.islamweb.net/ar/library/content/13/313/%D9%85%D8%AF%D8%A9-%D8%A7%D9%84%D8%AD%D9%8A%D8%B6,,,Major Madhhab difference; never import Hanafi rule.,هل تلخص العبارة البحثية أدناه المعتمد في المذهب بدقة لهذه المسألة؟ إن كانت صحيحة فاعتمد/نقح الصياغة العربية والإنجليزية، وإن لم تكن كذلك فصححها مع بيان الشرط أو الاستثناء.,PENDING,,,,,,,,NOT_APPROVED_NOT_PUBLISHED
MLK-HAID-04,maliki,Haid,Minimum duration,ما أقل مدة أو قدر معتبر لصحة الحكم بالحيض؟,What is the minimum duration/amount required for a valid Haid classification?,LOCATOR_VERIFIED,"For worship rulings, the Maliki school has no minimum duration measured by time; even a single discharge/brief occurrence can count as Haid, while 'one complete menstrual period' for iddah is a separate question.","مواهب الجليل, كتاب الطهارة, فصل حكم الحيض والنفاس",https://islamweb.net/ar/library/content/19/412/%D9%81%D8%B5%D9%84-%D9%81%D9%8A-%D8%A8%D9%8A%D8%A7%D9%86-%D8%AD%D9%83%D9%85-%D8%A7%D9%84%D8%AD%D9%8A%D8%B6-%D9%88%D8%A7%D9%84%D9%86%D9%81%D8%A7%D8%B3,"مواهب الجليل, باب العدة, مسألة قدر الحيض في العدة, ص147",https://www.islamweb.net/ar/library/content/19/2844/%D9%85%D8%B3%D8%A3%D9%84%D8%A9-%D9%82%D8%AF%D8%B1-%D8%A7%D9%84%D8%AD%D9%8A%D8%B6-%D9%81%D9%8A-%D8%A7%D9%84%D8%B9%D8%AF%D8%A9,"Product scope is worship/Fiqh tracking, not iddah.",هل تلخص العبارة البحثية أدناه المعتمد في المذهب بدقة لهذه المسألة؟ إن كانت صحيحة فاعتمد/نقح الصياغة العربية والإنجليزية، وإن لم تكن كذلك فصححها مع بيان الشرط أو الاستثناء.,PENDING,,,,,,,,NOT_APPROVED_NOT_PUBLISHED
MLK-HAID-05,maliki,Haid,Maximum duration,ما أكثر مدة الحيض قبل أن يعامل الدم الزائد بحكم آخر؟,What is the maximum duration of Haid before excess bleeding is treated differently?,SCHOLAR_CLARIFICATION_REQUIRED,"For a nonpregnant beginner, maximum Haid is fifteen days. For an established habit, the rule uses the longest prior habit plus up to three days of istizhar without exceeding fifteen; pregnancy has separate longer limits.","حاشية الدسوقي, مدة الحيض, ص169-170",https://www.islamweb.net/amp/ar/library/content/13/313/%D9%85%D8%AF%D8%A9-%D8%A7%D9%84%D8%AD%D9%8A%D8%B6,,,One 'maximum Haid' field is insufficient for Maliki logic; context matters.,يرجى تحديد القول المعتمد في المذهب لهذه المسألة وصياغة القاعدة التي يمكن لنسوة تطبيقها، مع بيان الشروط والاستثناءات. لا يكفي اعتماد الملخص البحثي إذا كان في المسألة خلاف داخل المذهب.,PENDING,,,,,,,,NOT_APPROVED_NOT_PUBLISHED
MLK-HAID-06,maliki,Haid,Minimum Tuhr,ما أقل مدة للطهر بين حيضتين مستقلتين؟,What minimum interval of purity is required between two separate menstrual episodes?,LOCATOR_VERIFIED,The minimum complete purity interval separating menstrual episodes is fifteen days.,"حاشية الدسوقي, مدة الحيض, ص169",https://www.islamweb.net/amp/ar/library/content/13/313/%D9%85%D8%AF%D8%A9-%D8%A7%D9%84%D8%AD%D9%8A%D8%B6,,,,هل تلخص العبارة البحثية أدناه المعتمد في المذهب بدقة لهذه المسألة؟ إن كانت صحيحة فاعتمد/نقح الصياغة العربية والإنجليزية، وإن لم تكن كذلك فصححها مع بيان الشرط أو الاستثناء.,PENDING,,,,,,,,NOT_APPROVED_NOT_PUBLISHED
MLK-HAID-07,maliki,Haid,Maximum Tuhr,هل للطهر حد أقصى، وهل يؤثر ذلك في التصنيف؟,"Is there a maximum duration of purity, and does it affect classification?",LOCATOR_VERIFIED,The Maliki source states there is no maximum duration of purity.,"حاشية الدسوقي, مدة الحيض, ص169",https://www.islamweb.net/amp/ar/library/content/13/313/%D9%85%D8%AF%D8%A9-%D8%A7%D9%84%D8%AD%D9%8A%D8%B6,,,,هل تلخص العبارة البحثية أدناه المعتمد في المذهب بدقة لهذه المسألة؟ إن كانت صحيحة فاعتمد/نقح الصياغة العربية والإنجليزية، وإن لم تكن كذلك فصححها مع بيان الشرط أو الاستثناء.,PENDING,,,,,,,,NOT_APPROVED_NOT_PUBLISHED
MLK-HAID-08,maliki,Haid,Yellow/brown before purity,ما حكم الصفرة والكدرة قبل تحقق الطهر؟,How is yellow/brown discharge treated before confirmed purity?,LOCATOR_VERIFIED,"The famous Maliki position treats yellow and brown discharge as Haid, not only red blood.","حاشية الدسوقي, بيان الحيض, ص168",https://islamweb.net/ar/library/content/13/310/%D8%A8%D9%8A%D8%A7%D9%86-%D8%A7%D9%84%D8%AD%D9%8A%D8%B6-%D9%88%D9%85%D8%A7-%D9%8A%D8%AA%D8%B9%D9%84%D9%82-%D8%A8%D9%87,"مواهب الجليل, فصل حكم الحيض والنفاس",https://islamweb.net/ar/library/content/19/412/%D9%81%D8%B5%D9%84-%D9%81%D9%8A-%D8%A8%D9%8A%D8%A7%D9%86-%D8%AD%D9%83%D9%85-%D8%A7%D9%84%D8%AD%D9%8A%D8%B6-%D9%88%D8%A7%D9%84%D9%86%D9%81%D8%A7%D8%B3,,هل تلخص العبارة البحثية أدناه المعتمد في المذهب بدقة لهذه المسألة؟ إن كانت صحيحة فاعتمد/نقح الصياغة العربية والإنجليزية، وإن لم تكن كذلك فصححها مع بيان الشرط أو الاستثناء.,PENDING,,,,,,,,NOT_APPROVED_NOT_PUBLISHED
MLK-HAID-09,maliki,Haid,Yellow/brown after purity,ما حكم الصفرة والكدرة بعد تحقق الطهر؟,How is yellow/brown discharge treated after confirmed purity?,SCHOLAR_CLARIFICATION_REQUIRED,"Mawahib records the famous position as treating yellow/brown discharge as Haid even after a purity sign, while also documenting a contrary intra-school view after ghusl/purity.","مواهب الجليل, فصل حكم الحيض والنفاس",https://islamweb.net/ar/library/content/19/412/%D9%81%D8%B5%D9%84-%D9%81%D9%8A-%D8%A8%D9%8A%D8%A7%D9%86-%D8%AD%D9%83%D9%85-%D8%A7%D9%84%D8%AD%D9%8A%D8%B6-%D9%88%D8%A7%D9%84%D9%86%D9%81%D8%A7%D8%B3,"حاشية الدسوقي, بيان الحيض",https://islamweb.net/ar/library/content/13/310/%D8%A8%D9%8A%D8%A7%D9%86-%D8%A7%D9%84%D8%AD%D9%8A%D8%B6-%D9%88%D9%85%D8%A7-%D9%8A%D8%AA%D8%B9%D9%84%D9%82-%D8%A8%D9%87,Need relied-upon formulation and conditions for app state transitions.,يرجى تحديد القول المعتمد في المذهب لهذه المسألة وصياغة القاعدة التي يمكن لنسوة تطبيقها، مع بيان الشروط والاستثناءات. لا يكفي اعتماد الملخص البحثي إذا كان في المسألة خلاف داخل المذهب.,PENDING,,,,,,,,NOT_APPROVED_NOT_PUBLISHED
MLK-TAHARA-10,maliki,Tahara,Dryness,متى يُعد الجفاف التام علامة معتبرة على الطهر؟,When does complete dryness establish Tahara?,LOCATOR_VERIFIED,Complete dryness—no blood/yellow/brown contamination on the checking material—is a recognized sign of Tahara in the Maliki school.,"حاشية الدسوقي, مدة الحيض, ص172",https://www.islamweb.net/ar/library/content/13/319/%D9%85%D8%AF%D8%A9-%D8%A7%D9%84%D8%AD%D9%8A%D8%B6,,,,هل تلخص العبارة البحثية أدناه المعتمد في المذهب بدقة لهذه المسألة؟ إن كانت صحيحة فاعتمد/نقح الصياغة العربية والإنجليزية، وإن لم تكن كذلك فصححها مع بيان الشرط أو الاستثناء.,PENDING,,,,,,,,NOT_APPROVED_NOT_PUBLISHED
MLK-TAHARA-11,maliki,Tahara,White discharge,ما دور القصة البيضاء في إثبات الطهر؟,What role does the white discharge play in establishing Tahara?,LOCATOR_VERIFIED,The white discharge (al-qassah al-bayda') is a recognized sign of Tahara and is described as stronger/more conclusive for a woman accustomed to it; details vary by her customary sign.,"حاشية الدسوقي, مدة الحيض, ص172",https://www.islamweb.net/ar/library/content/13/319/%D9%85%D8%AF%D8%A9-%D8%A7%D9%84%D8%AD%D9%8A%D8%B6,,,App should track customary purity sign if product chooses to automate this nuance.,هل تلخص العبارة البحثية أدناه المعتمد في المذهب بدقة لهذه المسألة؟ إن كانت صحيحة فاعتمد/نقح الصياغة العربية والإنجليزية، وإن لم تكن كذلك فصححها مع بيان الشرط أو الاستثناء.,PENDING,,,,,,,,NOT_APPROVED_NOT_PUBLISHED
MLK-HAID-12,maliki,Haid,Intermittent dryness,كيف تُعامل فترات الجفاف المتخللة داخل مدة محتملة للحيض؟,How are dry intervals within a possible Haid episode classified?,LOCATOR_VERIFIED,"When bleeding and purity alternate before a full fifteen-day purity, the relied-upon Maliki rule aggregates only the bleeding days toward the applicable Haid limit; she performs ghusl and resumes prayer/fasting when blood stops.","حاشية الدسوقي, مدة الحيض, ص171",https://www.islamweb.net/ar/library/content/13/316/%D9%85%D8%AF%D8%A9-%D8%A7%D9%84%D8%AD%D9%8A%D8%B6,,,Known as talfiq; product needs non-contiguous episode support.,هل تلخص العبارة البحثية أدناه المعتمد في المذهب بدقة لهذه المسألة؟ إن كانت صحيحة فاعتمد/نقح الصياغة العربية والإنجليزية، وإن لم تكن كذلك فصححها مع بيان الشرط أو الاستثناء.,PENDING,,,,,,,,NOT_APPROVED_NOT_PUBLISHED
MLK-HAID-13,maliki,Haid,Resumed bleeding,كيف يُصنف الدم إذا عاد بعد طهر ظاهري؟,How is bleeding classified when it returns after apparent purity?,LOCATOR_VERIFIED,"If blood returns before a complete fifteen-day Tuhr, the Maliki talfiq rules may attach it to the prior menstrual episode, subject to the person's applicable Haid limit; after a complete fifteen-day Tuhr, later qualifying blood can begin a new Haid.","حاشية الدسوقي, مدة الحيض, ص171",https://www.islamweb.net/ar/library/content/13/316/%D9%85%D8%AF%D8%A9-%D8%A7%D9%84%D8%AD%D9%8A%D8%B6,"حاشية الدسوقي, مدة الحيض, ص169",https://www.islamweb.net/amp/ar/library/content/13/313/%D9%85%D8%AF%D8%A9-%D8%A7%D9%84%D8%AD%D9%8A%D8%B6,,هل تلخص العبارة البحثية أدناه المعتمد في المذهب بدقة لهذه المسألة؟ إن كانت صحيحة فاعتمد/نقح الصياغة العربية والإنجليزية، وإن لم تكن كذلك فصححها مع بيان الشرط أو الاستثناء.,PENDING,,,,,,,,NOT_APPROVED_NOT_PUBLISHED
MLK-HAID-14,maliki,Haid,First-time bleeder,كيف تُعامل المبتدئة عند أول نزف بلا عادة سابقة؟,How is a first-ever bleeding episode handled when no prior habit exists?,LOCATOR_VERIFIED,A nonpregnant beginner with continued bleeding counts qualifying blood up to fifteen days; after the applicable maximum she is treated as mustahada.,"حاشية الدسوقي, مدة الحيض, ص169",https://www.islamweb.net/amp/ar/library/content/13/313/%D9%85%D8%AF%D8%A9-%D8%A7%D9%84%D8%AD%D9%8A%D8%B6,,,If bleeding stops earlier she becomes pure at cessation.,هل تلخص العبارة البحثية أدناه المعتمد في المذهب بدقة لهذه المسألة؟ إن كانت صحيحة فاعتمد/نقح الصياغة العربية والإنجليزية، وإن لم تكن كذلك فصححها مع بيان الشرط أو الاستثناء.,PENDING,,,,,,,,NOT_APPROVED_NOT_PUBLISHED
MLK-HAID-15,maliki,Haid,Habit establishment,كيف ومتى تثبت العادة الحيضية المعتبرة شرعًا؟,How and after how many repetitions does a menstrual habit become legally relevant?,LOCATOR_VERIFIED,The Maliki menstrual habit is established by one prior occurrence.,"حاشية الدسوقي, مدة الحيض, ص169",https://www.islamweb.net/amp/ar/library/content/13/313/%D9%85%D8%AF%D8%A9-%D8%A7%D9%84%D8%AD%D9%8A%D8%B6,,,,هل تلخص العبارة البحثية أدناه المعتمد في المذهب بدقة لهذه المسألة؟ إن كانت صحيحة فاعتمد/نقح الصياغة العربية والإنجليزية، وإن لم تكن كذلك فصححها مع بيان الشرط أو الاستثناء.,PENDING,,,,,,,,NOT_APPROVED_NOT_PUBLISHED
MLK-HAID-16,maliki,Haid,Habit timing change,كيف يُتعامل مع تغير وقت بدء العادة المستقرة؟,How is a shift in the start timing of an established habit handled?,PARTIAL_EVIDENCE,"The located Maliki material clearly governs duration changes through the longest prior habit and istizhar, but a production-grade rule for a pure shift in calendar timing needs a more atom-specific locator.","حاشية الدسوقي, مدة الحيض, ص169",https://www.islamweb.net/amp/ar/library/content/13/313/%D9%85%D8%AF%D8%A9-%D8%A7%D9%84%D8%AD%D9%8A%D8%B6,,,Do not assume Hanafi timing-habit mechanics.,المصدر يؤيد جزءًا من المسألة فقط. يرجى تأكيد الصياغة الصحيحة للمذهب واستكمال الشرط أو الاستثناء الناقص قبل اعتمادها في نسوة.,PENDING,,,,,,,,NOT_APPROVED_NOT_PUBLISHED
MLK-HAID-17,maliki,Haid,Habit duration change,كيف يُتعامل مع تغير مدة العادة المستقرة؟,How is a change in the duration of an established habit handled?,LOCATOR_VERIFIED,"For a habitual nonpregnant woman whose bleeding continues beyond her longest prior habit, she adds up to three days of istizhar, never exceeding fifteen days; a longer valid occurrence can become her new maximum habit.","حاشية الدسوقي, مدة الحيض, ص169",https://www.islamweb.net/amp/ar/library/content/13/313/%D9%85%D8%AF%D8%A9-%D8%A7%D9%84%D8%AD%D9%8A%D8%B6,,,,هل تلخص العبارة البحثية أدناه المعتمد في المذهب بدقة لهذه المسألة؟ إن كانت صحيحة فاعتمد/نقح الصياغة العربية والإنجليزية، وإن لم تكن كذلك فصححها مع بيان الشرط أو الاستثناء.,PENDING,,,,,,,,NOT_APPROVED_NOT_PUBLISHED
MLK-HAID-18,maliki,Haid,Beyond maximum,كيف يُصنف الدم الذي يتجاوز أكثر الحيض عند المذهب؟,How should bleeding beyond the madhhab's Haid limit be classified?,LOCATOR_VERIFIED,"After the applicable Maliki maximum—beginner's fifteen days, habitual duration plus permitted istizhar up to fifteen, or pregnancy-specific limit—the continuing blood is treated as Istihada.","حاشية الدسوقي, مدة الحيض, ص169-170",https://www.islamweb.net/amp/ar/library/content/13/313/%D9%85%D8%AF%D8%A9-%D8%A7%D9%84%D8%AD%D9%8A%D8%B6,,,,هل تلخص العبارة البحثية أدناه المعتمد في المذهب بدقة لهذه المسألة؟ إن كانت صحيحة فاعتمد/نقح الصياغة العربية والإنجليزية، وإن لم تكن كذلك فصححها مع بيان الشرط أو الاستثناء.,PENDING,,,,,,,,NOT_APPROVED_NOT_PUBLISHED
MLK-HAID-19,maliki,Haid,Conflicting evidence,إذا تعارضت العادة والتوقيت وصفات الدم، فما المرجح في التصنيف؟,"When habit, timing and blood characteristics conflict, which evidence controls classification?",SCHOLAR_CLARIFICATION_REQUIRED,"In an established Istihada state, Maliki texts recognize tamyiz by change in smell, color, thinness/thickness, or pain after a complete fifteen-day purity; quantity alone is not the criterion. How this interacts with prior habit requires careful sequencing.","حاشية الدسوقي, مدة الحيض, تمييز المستحاضة",https://www.islamweb.net/ar/library/content/13/317/%D9%85%D8%AF%D8%A9-%D8%A7%D9%84%D8%AD%D9%8A%D8%B6,,,"Requires decision tree, not a single generic priority rule.",يرجى تحديد القول المعتمد في المذهب لهذه المسألة وصياغة القاعدة التي يمكن لنسوة تطبيقها، مع بيان الشروط والاستثناءات. لا يكفي اعتماد الملخص البحثي إذا كان في المسألة خلاف داخل المذهب.,PENDING,,,,,,,,NOT_APPROVED_NOT_PUBLISHED
MLK-ISTI-20,maliki,Istihada,Definition,ما الذي يجعل الدم استحاضة لا حيضًا ولا نفاسًا؟,What makes bleeding Istihada rather than Haid or Nifas?,LOCATOR_VERIFIED,"Continued blood after the applicable Haid maximum, or non-menstrual bleeding that fails the required menstrual conditions, is treated as Istihada; the source explicitly calls the post-limit woman mustahada.","حاشية الدسوقي, مدة الحيض, ص169 and tميز section",https://www.islamweb.net/amp/ar/library/content/13/313/%D9%85%D8%AF%D8%A9-%D8%A7%D9%84%D8%AD%D9%8A%D8%B6,"حاشية الدسوقي, مدة الحيض, تمييز المستحاضة",https://www.islamweb.net/ar/library/content/13/317/%D9%85%D8%AF%D8%A9-%D8%A7%D9%84%D8%AD%D9%8A%D8%B6,,هل تلخص العبارة البحثية أدناه المعتمد في المذهب بدقة لهذه المسألة؟ إن كانت صحيحة فاعتمد/نقح الصياغة العربية والإنجليزية، وإن لم تكن كذلك فصححها مع بيان الشرط أو الاستثناء.,PENDING,,,,,,,,NOT_APPROVED_NOT_PUBLISHED
MLK-ISTI-21,maliki,Istihada,Known habit + prolonged bleeding,كيف تتعامل المستحاضة مع الدم المستمر إذا كانت لها عادة معلومة؟,How is prolonged bleeding handled when an established habit exists?,LOCATOR_VERIFIED,"For a habitual nonpregnant woman, continued bleeding is treated as Haid through her longest habit plus up to three days of istizhar, capped at fifteen; continuation beyond that is Istihada.","حاشية الدسوقي, مدة الحيض, ص169",https://www.islamweb.net/amp/ar/library/content/13/313/%D9%85%D8%AF%D8%A9-%D8%A7%D9%84%D8%AD%D9%8A%D8%B6,,,Pregnant woman follows separate pregnancy limits.,هل تلخص العبارة البحثية أدناه المعتمد في المذهب بدقة لهذه المسألة؟ إن كانت صحيحة فاعتمد/نقح الصياغة العربية والإنجليزية، وإن لم تكن كذلك فصححها مع بيان الشرط أو الاستثناء.,PENDING,,,,,,,,NOT_APPROVED_NOT_PUBLISHED
MLK-ISTI-22,maliki,Istihada,Tamyiz,ما أثر التمييز بصفات الدم في الحكم؟,How do distinguishable blood characteristics affect classification?,LOCATOR_VERIFIED,"A mustahada may use a changed smell, color, thinness/thickness, or associated pain as tamyiz after a complete fifteen-day Tuhr; amount/quantity alone is not treated as tamyiz.","حاشية الدسوقي, مدة الحيض, تمييز المستحاضة",https://www.islamweb.net/ar/library/content/13/317/%D9%85%D8%AF%D8%A9-%D8%A7%D9%84%D8%AD%D9%8A%D8%B6,,,,هل تلخص العبارة البحثية أدناه المعتمد في المذهب بدقة لهذه المسألة؟ إن كانت صحيحة فاعتمد/نقح الصياغة العربية والإنجليزية، وإن لم تكن كذلك فصححها مع بيان الشرط أو الاستثناء.,PENDING,,,,,,,,NOT_APPROVED_NOT_PUBLISHED
MLK-ISTI-23,maliki,Istihada,No habit / no tamyiz,كيف تُعامل من لا عادة لها ولا تمييز معتبر؟,How is the case handled when there is neither a reliable habit nor usable distinction?,LOCATOR_VERIFIED,"Where a mustahada cannot distinguish qualifying menstrual blood, the cited Dasuqi text says she remains mustahada; a beginner reaches Istihada after the fifteen-day maximum.","حاشية الدسوقي, مدة الحيض, تمييز المستحاضة",https://www.islamweb.net/ar/library/content/13/317/%D9%85%D8%AF%D8%A9-%D8%A7%D9%84%D8%AD%D9%8A%D8%B6,"حاشية الدسوقي, مدة الحيض, ص169",https://www.islamweb.net/amp/ar/library/content/13/313/%D9%85%D8%AF%D8%A9-%D8%A7%D9%84%D8%AD%D9%8A%D8%B6,Further forgotten-habit subtypes may need separate scholar rules if product supports them.,هل تلخص العبارة البحثية أدناه المعتمد في المذهب بدقة لهذه المسألة؟ إن كانت صحيحة فاعتمد/نقح الصياغة العربية والإنجليزية، وإن لم تكن كذلك فصححها مع بيان الشرط أو الاستثناء.,PENDING,,,,,,,,NOT_APPROVED_NOT_PUBLISHED
MLK-ISTI-24,maliki,Istihada,Prayer,ما حكم الصلاة حال الاستحاضة؟,What is the prayer status during Istihada?,LOCATOR_VERIFIED,"Istihada does not bar Salah; once blood is classified as Istihada rather than Haid/Nifas, prayer obligations resume subject to purification rules.","حاشية الدسوقي, مدة الحيض, ص169-171",https://www.islamweb.net/ar/library/content/13/316/%D9%85%D8%AF%D8%A9-%D8%A7%D9%84%D8%AD%D9%8A%D8%B6,,,,هل تلخص العبارة البحثية أدناه المعتمد في المذهب بدقة لهذه المسألة؟ إن كانت صحيحة فاعتمد/نقح الصياغة العربية والإنجليزية، وإن لم تكن كذلك فصححها مع بيان الشرط أو الاستثناء.,PENDING,,,,,,,,NOT_APPROVED_NOT_PUBLISHED
MLK-ISTI-25,maliki,Istihada,Purification for prayer,ما متطلبات التطهر والوضوء مع استمرار الاستحاضة؟,What cleaning/wudu requirements apply to ongoing Istihada?,SCHOLAR_CLARIFICATION_REQUIRED,"Maliki law treats persistent Istihada under continuous-excuse/sals rules: renewed wudu for each prayer is recommended where the discharge occupies half or more of the time, while less frequent discharge can invalidate wudu. Exact thresholds and exceptions require scholar-approved implementation.","مواهب الجليل, فرائض الوضوء وسننه وفضائله",https://islamweb.net/ar/library/content/19/251/%D9%81%D8%B5%D9%84-%D9%81%D8%B1%D8%A7%D8%A6%D8%B6-%D8%A7%D9%84%D9%88%D8%B6%D9%88%D8%A1-%D9%88%D8%B3%D9%86%D9%86%D9%87-%D9%88%D9%81%D8%B6%D8%A7%D8%A6%D9%84%D9%87,"حاشية الدسوقي, نواقض الوضوء / السلس",https://islamweb.net/ar/library/content/13/138/%D9%81%D8%B5%D9%84-%D9%81%D9%8A-%D9%86%D9%88%D8%A7%D9%82%D8%B6-%D8%A7%D9%84%D9%88%D8%B6%D9%88%D8%A1,Do not implement 'mandatory new wudu every prayer' as a universal Maliki rule.,يرجى تحديد القول المعتمد في المذهب لهذه المسألة وصياغة القاعدة التي يمكن لنسوة تطبيقها، مع بيان الشروط والاستثناءات. لا يكفي اعتماد الملخص البحثي إذا كان في المسألة خلاف داخل المذهب.,PENDING,,,,,,,,NOT_APPROVED_NOT_PUBLISHED
MLK-ISTI-26,maliki,Istihada,Fasting,ما حكم الصيام حال الاستحاضة؟,What is the fasting status during Istihada?,LOCATOR_VERIFIED,Istihada does not bar fasting; the talfiq discussion explicitly has the woman fast during purity/after the menstrual limit while continuing blood is treated as Istihada.,"حاشية الدسوقي, مدة الحيض, ص169-171",https://www.islamweb.net/ar/library/content/13/316/%D9%85%D8%AF%D8%A9-%D8%A7%D9%84%D8%AD%D9%8A%D8%B6,,,,هل تلخص العبارة البحثية أدناه المعتمد في المذهب بدقة لهذه المسألة؟ إن كانت صحيحة فاعتمد/نقح الصياغة العربية والإنجليزية، وإن لم تكن كذلك فصححها مع بيان الشرط أو الاستثناء.,PENDING,,,,,,,,NOT_APPROVED_NOT_PUBLISHED
MLK-ISTI-27,maliki,Istihada,Ghusl,متى يجب الغسل مع استمرار الاستحاضة؟,When is Ghusl required with ongoing Istihada?,PARTIAL_EVIDENCE,Ghusl is required when the actual Haid/Nifas state ends; ongoing Istihada itself is not a recurring cause of Ghusl. The source directly makes cessation of Haid/Nifas a condition for valid Ghusl.,"حاشية الدسوقي, موجبات الطهارة الكبرى",https://www.islamweb.net/ar/library/content/13/176/%D9%81%D8%B5%D9%84-%D9%85%D9%88%D8%AC%D8%A8%D8%A7%D8%AA-%D8%A7%D9%84%D8%B7%D9%87%D8%A7%D8%B1%D8%A9-%D8%A7%D9%84%D9%83%D8%A8%D8%B1%D9%89,,,Scholar should approve concise transition wording for continuing Istihada.,المصدر يؤيد جزءًا من المسألة فقط. يرجى تأكيد الصياغة الصحيحة للمذهب واستكمال الشرط أو الاستثناء الناقص قبل اعتمادها في نسوة.,PENDING,,,,,,,,NOT_APPROVED_NOT_PUBLISHED
MLK-NIFAS-28,maliki,Nifas,Definition/start,ما الذي يبدأ به النفاس وكيف يحدد ابتداء مدته؟,What event starts Nifas and how is its start determined?,LOCATOR_VERIFIED,"Nifas is blood/yellow/brown discharge associated with childbirth, occurring with or after birth; pre-birth blood has a separate disputed treatment and is not simply counted in the sixty days on the cited preferred framing.","حاشية الدسوقي, بيان النفاس, ص175",https://www.islamweb.net/ar/library/content/13/323/%D8%A8%D9%8A%D8%A7%D9%86-%D8%A7%D9%84%D9%86%D9%81%D8%A7%D8%B3-%D9%88%D9%85%D8%A7-%D9%8A%D8%AA%D8%B9%D9%84%D9%82-%D8%A8%D9%87,"مواهب الجليل, فصل حكم الحيض والنفاس",https://www.islamweb.net/ar/library/content/19/422/%D9%81%D8%B5%D9%84-%D9%81%D9%8A-%D8%A8%D9%8A%D8%A7%D9%86-%D8%AD%D9%83%D9%85-%D8%A7%D9%84%D8%AD%D9%8A%D8%B6-%D9%88%D8%A7%D9%84%D9%86%D9%81%D8%A7%D8%B3,,هل تلخص العبارة البحثية أدناه المعتمد في المذهب بدقة لهذه المسألة؟ إن كانت صحيحة فاعتمد/نقح الصياغة العربية والإنجليزية، وإن لم تكن كذلك فصححها مع بيان الشرط أو الاستثناء.,PENDING,,,,,,,,NOT_APPROVED_NOT_PUBLISHED
MLK-NIFAS-29,maliki,Nifas,Pregnancy loss,تحت أي شروط يكون الدم بعد السقط أو فقد الحمل نفاسًا؟,Under what pregnancy-loss conditions does bleeding count as Nifas?,PARTIAL_EVIDENCE,Maliki sources treat expulsion of a legally recognized pregnancy as childbirth for related legal effects even at an early form; al-Dusuqi states that a pregnancy can be recognized even as a coagulated blood mass that does not dissolve in hot water. The Kuwaiti Fiqh Encyclopedia explicitly attributes to the Malikis that an expelled alaqah can establish the postpartum ruling. Exact product mapping to modern miscarriage terminology still requires scholar and medical review.,حاشية الدسوقي على الشرح الكبير، عدة الحرة، ج2 ص474 (الحمل وإن دما اجتمع),https://islamweb.net/ar/library/content/13/3063/%D8%B9%D8%AF%D8%A9-%D8%A7%D9%84%D8%AD%D8%B1%D8%A9,الموسوعة الفقهية الكويتية، مادة نفاس، إحالة إلى الدسوقي 2/474 والخرشي 4/143,https://content.awqaf.gov.kw/BasicPages/2020/9/3f1343c6e40f40bcbe66c8c36fc24bee.pdf,"Primary locator is now established, but the exact clinical-to-fiqh mapping for miscarriage states must not be automated without qualified scholar + medical review.",المصدر يؤيد جزءًا من المسألة فقط. يرجى تأكيد الصياغة الصحيحة للمذهب واستكمال الشرط أو الاستثناء الناقص قبل اعتمادها في نسوة.,PENDING,,,,,,,,NOT_APPROVED_NOT_PUBLISHED
MLK-NIFAS-30,maliki,Nifas,Minimum duration,هل للمذهب حد أدنى للنفاس؟,Does the madhhab recognize a minimum duration of Nifas?,LOCATOR_VERIFIED,The Maliki minimum Nifas has no fixed time limit; a single occurrence can constitute Nifas.,"حاشية الدسوقي, بيان النفاس, ص175",https://www.islamweb.net/ar/library/content/13/323/%D8%A8%D9%8A%D8%A7%D9%86-%D8%A7%D9%84%D9%86%D9%81%D8%A7%D8%B3-%D9%88%D9%85%D8%A7-%D9%8A%D8%AA%D8%B9%D9%84%D9%82-%D8%A8%D9%87,"مواهب الجليل, فصل حكم الحيض والنفاس",https://www.islamweb.net/ar/library/content/19/423/?idfrom=&idto=&start=,,هل تلخص العبارة البحثية أدناه المعتمد في المذهب بدقة لهذه المسألة؟ إن كانت صحيحة فاعتمد/نقح الصياغة العربية والإنجليزية، وإن لم تكن كذلك فصححها مع بيان الشرط أو الاستثناء.,PENDING,,,,,,,,NOT_APPROVED_NOT_PUBLISHED
MLK-NIFAS-31,maliki,Nifas,Maximum duration,ما أكثر مدة النفاس؟,What is the maximum duration of Nifas?,LOCATOR_VERIFIED,"The Maliki maximum Nifas duration is sixty days, with no istizhar beyond it.","حاشية الدسوقي, بيان النفاس, ص175",https://www.islamweb.net/ar/library/content/13/323/%D8%A8%D9%8A%D8%A7%D9%86-%D8%A7%D9%84%D9%86%D9%81%D8%A7%D8%B3-%D9%88%D9%85%D8%A7-%D9%8A%D8%AA%D8%B9%D9%84%D9%82-%D8%A8%D9%87,"مواهب الجليل, فصل حكم الحيض والنفاس",https://www.islamweb.net/ar/library/content/19/423/?idfrom=&idto=&start=,,هل تلخص العبارة البحثية أدناه المعتمد في المذهب بدقة لهذه المسألة؟ إن كانت صحيحة فاعتمد/نقح الصياغة العربية والإنجليزية، وإن لم تكن كذلك فصححها مع بيان الشرط أو الاستثناء.,PENDING,,,,,,,,NOT_APPROVED_NOT_PUBLISHED
MLK-NIFAS-32,maliki,Nifas,Early cessation,ما الحكم إذا انقطع دم النفاس قبل أكثر مدته؟,What happens when postpartum bleeding stops before the maximum duration?,LOCATOR_VERIFIED,"If Nifas blood stops before sixty days, she performs Ghusl and resumes Salah/fasting; if bleeding returns before a complete fifteen-day purity, Nifas can be aggregated by talfiq up to sixty days.","حاشية الدسوقي, بيان النفاس, ص175",https://www.islamweb.net/ar/library/content/13/323/%D8%A8%D9%8A%D8%A7%D9%86-%D8%A7%D9%84%D9%86%D9%81%D8%A7%D8%B3-%D9%88%D9%85%D8%A7-%D9%8A%D8%AA%D8%B9%D9%84%D9%82-%D8%A8%D9%87,,,,هل تلخص العبارة البحثية أدناه المعتمد في المذهب بدقة لهذه المسألة؟ إن كانت صحيحة فاعتمد/نقح الصياغة العربية والإنجليزية، وإن لم تكن كذلك فصححها مع بيان الشرط أو الاستثناء.,PENDING,,,,,,,,NOT_APPROVED_NOT_PUBLISHED
MLK-NIFAS-33,maliki,Nifas,Resumed bleeding,كيف يُعامل عود الدم بعد طهر متخلل داخل مدة محتملة للنفاس؟,How is resumed bleeding handled after temporary purity within the possible Nifas window?,LOCATOR_VERIFIED,"Interrupted Nifas is treated like interrupted Haid: bleeding days are aggregated toward sixty while sub-fifteen-day purity intervals do not create a wholly separate state; after a full fifteen-day purity, later qualifying blood is a new Haid.","حاشية الدسوقي, بيان النفاس, ص175",https://www.islamweb.net/ar/library/content/13/323/%D8%A8%D9%8A%D8%A7%D9%86-%D8%A7%D9%84%D9%86%D9%81%D8%A7%D8%B3-%D9%88%D9%85%D8%A7-%D9%8A%D8%AA%D8%B9%D9%84%D9%82-%D8%A8%D9%87,,,,هل تلخص العبارة البحثية أدناه المعتمد في المذهب بدقة لهذه المسألة؟ إن كانت صحيحة فاعتمد/نقح الصياغة العربية والإنجليزية، وإن لم تكن كذلك فصححها مع بيان الشرط أو الاستثناء.,PENDING,,,,,,,,NOT_APPROVED_NOT_PUBLISHED
MLK-NIFAS-34,maliki,Nifas,Beyond maximum,كيف يُصنف الدم الذي يتجاوز أكثر النفاس؟,How is bleeding beyond the Nifas maximum classified?,LOCATOR_VERIFIED,"After sixty aggregate Nifas days, continuing blood is no longer Nifas; the woman is treated under Istihada/other bleeding rules.","حاشية الدسوقي, بيان النفاس, ص175",https://www.islamweb.net/ar/library/content/13/323/%D8%A8%D9%8A%D8%A7%D9%86-%D8%A7%D9%84%D9%86%D9%81%D8%A7%D8%B3-%D9%88%D9%85%D8%A7-%D9%8A%D8%AA%D8%B9%D9%84%D9%82-%D8%A8%D9%87,,,,هل تلخص العبارة البحثية أدناه المعتمد في المذهب بدقة لهذه المسألة؟ إن كانت صحيحة فاعتمد/نقح الصياغة العربية والإنجليزية، وإن لم تكن كذلك فصححها مع بيان الشرط أو الاستثناء.,PENDING,,,,,,,,NOT_APPROVED_NOT_PUBLISHED
MLK-NIFAS-35,maliki,Nifas,Multiple births,كيف تُحسب مدة النفاس في ولادة التوائم أو تعدد المواليد؟,How is Nifas timing handled in twin or multiple births?,SCHOLAR_CLARIFICATION_REQUIRED,"The Maliki sources record disagreement for twins/multiples: blood between twins is treated as Nifas on the famous framing, but whether the second birth starts a fresh sixty-day Nifas can depend on the interval; a full sixty-day separation clearly produces two Nifas periods.","حاشية الدسوقي, بيان النفاس, ص175",https://www.islamweb.net/ar/library/content/13/324/%D8%A8%D9%8A%D8%A7%D9%86-%D8%A7%D9%84%D9%86%D9%81%D8%A7%D8%B3-%D9%88%D9%85%D8%A7-%D9%8A%D8%AA%D8%B9%D9%84%D9%82-%D8%A8%D9%87,"مواهب الجليل, فصل حكم الحيض والنفاس",https://www.islamweb.net/ar/library/content/19/423/?idfrom=&idto=&start=,Needs exact relied-upon decision table.,يرجى تحديد القول المعتمد في المذهب لهذه المسألة وصياغة القاعدة التي يمكن لنسوة تطبيقها، مع بيان الشروط والاستثناءات. لا يكفي اعتماد الملخص البحثي إذا كان في المسألة خلاف داخل المذهب.,PENDING,,,,,,,,NOT_APPROVED_NOT_PUBLISHED
MLK-NIFAS-36,maliki,Nifas,Prayer and fasting,ما أثر النفاس على الصلاة والصيام؟,What are the effects of Nifas on Salah and fasting?,LOCATOR_VERIFIED,"Nifas prevents the same core acts as Haid: Salah and fasting are not valid/obligatory during it; after cessation, ordinary obligations resume.","حاشية الدسوقي, بيان النفاس, ص175",https://www.islamweb.net/ar/library/content/13/324/%D8%A8%D9%8A%D8%A7%D9%86-%D8%A7%D9%84%D9%86%D9%81%D8%A7%D8%B3-%D9%88%D9%85%D8%A7-%D9%8A%D8%AA%D8%B9%D9%84%D9%82-%D8%A8%D9%87,"حاشية الدسوقي, موانع الحيض, ص173",https://islamweb.net/ar/library/content/13/321/%D9%85%D9%88%D8%A7%D9%86%D8%B9-%D8%A7%D9%84%D8%AD%D9%8A%D8%B6,,هل تلخص العبارة البحثية أدناه المعتمد في المذهب بدقة لهذه المسألة؟ إن كانت صحيحة فاعتمد/نقح الصياغة العربية والإنجليزية، وإن لم تكن كذلك فصححها مع بيان الشرط أو الاستثناء.,PENDING,,,,,,,,NOT_APPROVED_NOT_PUBLISHED
MLK-NIFAS-37,maliki,Nifas,Ghusl,متى يجب الغسل بعد النفاس؟,When is Ghusl required after Nifas?,LOCATOR_VERIFIED,Ghusl is required for Nifas and becomes valid after the bleeding has ceased; Dasuqi explicitly lists Nifas among causes of major purification.,"حاشية الدسوقي, موجبات الطهارة الكبرى",https://www.islamweb.net/ar/library/content/13/176/%D9%81%D8%B5%D9%84-%D9%85%D9%88%D8%AC%D8%A8%D8%A7%D8%AA-%D8%A7%D9%84%D8%B7%D9%87%D8%A7%D8%B1%D8%A9-%D8%A7%D9%84%D9%83%D8%A8%D8%B1%D9%89,"حاشية الدسوقي, بيان النفاس",https://www.islamweb.net/ar/library/content/13/323/%D8%A8%D9%8A%D8%A7%D9%86-%D8%A7%D9%84%D9%86%D9%81%D8%A7%D8%B3-%D9%88%D9%85%D8%A7-%D9%8A%D8%AA%D8%B9%D9%84%D9%82-%D8%A8%D9%87,,هل تلخص العبارة البحثية أدناه المعتمد في المذهب بدقة لهذه المسألة؟ إن كانت صحيحة فاعتمد/نقح الصياغة العربية والإنجليزية، وإن لم تكن كذلك فصححها مع بيان الشرط أو الاستثناء.,PENDING,,,,,,,,NOT_APPROVED_NOT_PUBLISHED
MLK-TRANS-38,maliki,Transition,Purity before prayer time ends,إذا حصل الطهر قبل خروج وقت الصلاة، فما الصلاة الواجبة؟,"If Tahara occurs before a prayer time ends, what prayer obligation follows?",SCHOLAR_CLARIFICATION_REQUIRED,A menstruating woman who becomes pure before the end of the prayer's necessary time owes the prayer if enough time remains for required purification plus the Maliki minimum amount by which the prayer is considered caught; paired-prayer rules can require one or both prayers depending on remaining time.,"حاشية الدسوقي, بيان أوقات الصلاة, ص182-184",https://www.islamweb.net/amp/ar/library/content/13/350/%D8%A8%D9%8A%D8%A7%D9%86-%D8%A3%D9%88%D9%82%D8%A7%D8%AA-%D8%A7%D9%84%D8%B5%D9%84%D8%A7%D8%A9,"حاشية الدسوقي, بيان أوقات الصلاة, ص183",https://www.islamweb.net/ar/library/content/13/335/%D8%A8%D9%8A%D8%A7%D9%86-%D8%A3%D9%88%D9%82%D8%A7%D8%AA-%D8%A7%D9%84%D8%B5%D9%84%D8%A7%D8%A9,Needs precise prayer-time decision table; not a simple yes/no.,يرجى تحديد القول المعتمد في المذهب لهذه المسألة وصياغة القاعدة التي يمكن لنسوة تطبيقها، مع بيان الشروط والاستثناءات. لا يكفي اعتماد الملخص البحثي إذا كان في المسألة خلاف داخل المذهب.,PENDING,,,,,,,,NOT_APPROVED_NOT_PUBLISHED
MLK-TRANS-39,maliki,Transition,Bleeding after prayer time enters,إذا بدأ الحيض بعد دخول وقت الصلاة، فهل يجب قضاء تلك الصلاة؟,"If Haid begins after prayer time has entered, is that prayer later owed?",SCHOLAR_CLARIFICATION_REQUIRED,"When Haid begins during the prayer time, Maliki liability depends on how much time remained and the paired-prayer timing rules; Dasuqi gives explicit drop/retention logic and records some intra-school disagreement for bleeding occurring after part of a prayer is performed.","حاشية الدسوقي, بيان أوقات الصلاة, ص186",https://islamweb.net/amp/ar/library/content/13/357/%D8%A8%D9%8A%D8%A7%D9%86-%D8%A3%D9%88%D9%82%D8%A7%D8%AA-%D8%A7%D9%84%D8%B5%D9%84%D8%A7%D8%A9,"مواهب الجليل, فاجأ المرأة الحيض في الصلاة",https://www.islamweb.net/ar/library/content/19/463/%D9%81%D8%B1%D8%B9-%D9%81%D8%A7%D8%AC%D8%A3-%D8%A7%D9%84%D9%85%D8%B1%D8%A3%D8%A9-%D8%A7%D9%84%D8%AD%D9%8A%D8%B6-%D9%81%D9%8A-%D8%A7%D9%84%D8%B5%D9%84%D8%A7%D8%A9,Requires implementation table and relied-upon view.,يرجى تحديد القول المعتمد في المذهب لهذه المسألة وصياغة القاعدة التي يمكن لنسوة تطبيقها، مع بيان الشروط والاستثناءات. لا يكفي اعتماد الملخص البحثي إذا كان في المسألة خلاف داخل المذهب.,PENDING,,,,,,,,NOT_APPROVED_NOT_PUBLISHED
MLK-TRANS-40,maliki,Transition,Purity before Fajr,إذا تحقق الطهر قبل الفجر، فما حكم صيام ذلك اليوم؟,"If Tahara is established before Fajr, what is the fasting obligation for that day?",LOCATOR_VERIFIED,If Tahara from Haid/Nifas is established before Fajr—even immediately before it—the Ramadan fast is obligatory/valid with the required intention; Ghusl itself may occur after Fajr.,"حاشية الدسوقي, باب الصيام, شرط صحة الصوم, ص522",https://g1.islamweb.net/ar/library/content/13/1163/%D8%B4%D8%B1%D8%B7-%D8%B5%D8%AD%D8%A9-%D8%A7%D9%84%D8%B5%D9%88%D9%85,,,,هل تلخص العبارة البحثية أدناه المعتمد في المذهب بدقة لهذه المسألة؟ إن كانت صحيحة فاعتمد/نقح الصياغة العربية والإنجليزية، وإن لم تكن كذلك فصححها مع بيان الشرط أو الاستثناء.,PENDING,,,,,,,,NOT_APPROVED_NOT_PUBLISHED
MLK-TRANS-41,maliki,Transition,Purity after Fajr,إذا حصل الطهر بعد الفجر، فما حكم صيام ذلك اليوم؟,"If Tahara occurs after Fajr, how is that day's fast treated?",PARTIAL_EVIDENCE,"Purity from Haid/Nifas is a condition for a valid fast. If the woman is still menstruating/nifas at Fajr and becomes pure afterward, that day's obligatory fast is not counted as a valid Ramadan fast; separate abstention etiquette/qada details should be scholar-confirmed.","حاشية الدسوقي, باب الصيام, شرط صحة الصوم, ص522",https://g1.islamweb.net/ar/library/content/13/1163/%D8%B4%D8%B1%D8%B7-%D8%B5%D8%AD%D8%A9-%D8%A7%D9%84%D8%B5%D9%88%D9%85,,,Direct source strongly establishes pre-Fajr purity as condition; exact post-Fajr abstention wording needs reviewer.,المصدر يؤيد جزءًا من المسألة فقط. يرجى تأكيد الصياغة الصحيحة للمذهب واستكمال الشرط أو الاستثناء الناقص قبل اعتمادها في نسوة.,PENDING,,,,,,,,NOT_APPROVED_NOT_PUBLISHED
MLK-TRANS-42,maliki,Transition,Bleeding begins during fast,إذا بدأ الحيض قبل غروب الشمس أثناء الصيام، فما حكم ذلك الصوم؟,"If menstrual bleeding begins before sunset during a fast, what is the status of that fast?",LOCATOR_VERIFIED,"Haid/Nifas prevents validity of fasting; if qualifying Haid/Nifas begins before sunset, that day's obligatory fast is not valid and is later made up.","حاشية الدسوقي, موانع الحيض, ص173",https://islamweb.net/ar/library/content/13/321/%D9%85%D9%88%D8%A7%D9%86%D8%B9-%D8%A7%D9%84%D8%AD%D9%8A%D8%B6,"حاشية الدسوقي, شرط صحة الصوم",https://g1.islamweb.net/ar/library/content/13/1163/%D8%B4%D8%B1%D8%B7-%D8%B5%D8%AD%D8%A9-%D8%A7%D9%84%D8%B5%D9%88%D9%85,,هل تلخص العبارة البحثية أدناه المعتمد في المذهب بدقة لهذه المسألة؟ إن كانت صحيحة فاعتمد/نقح الصياغة العربية والإنجليزية، وإن لم تكن كذلك فصححها مع بيان الشرط أو الاستثناء.,PENDING,,,,,,,,NOT_APPROVED_NOT_PUBLISHED
MLK-TRANS-43,maliki,Transition,Prayer qada,ما الصلوات التي تُقضى - إن وجدت - بعد الحيض أو النفاس؟,"Which prayers, if any, are made up after Haid or Nifas?",LOCATOR_VERIFIED,Missed prayers during valid Haid/Nifas are not made up merely because of the menstruation/postpartum state; special boundary cases at onset/cessation are governed by the prayer-time rules.,"حاشية الدسوقي, موانع الحيض, ص173",https://islamweb.net/ar/library/content/13/321/%D9%85%D9%88%D8%A7%D9%86%D8%B9-%D8%A7%D9%84%D8%AD%D9%8A%D8%B6,"حاشية الدسوقي, أوقات الصلاة",https://islamweb.net/amp/ar/library/content/13/357/%D8%A8%D9%8A%D8%A7%D9%86-%D8%A3%D9%88%D9%82%D8%A7%D8%AA-%D8%A7%D9%84%D8%B5%D9%84%D8%A7%D8%A9,,هل تلخص العبارة البحثية أدناه المعتمد في المذهب بدقة لهذه المسألة؟ إن كانت صحيحة فاعتمد/نقح الصياغة العربية والإنجليزية، وإن لم تكن كذلك فصححها مع بيان الشرط أو الاستثناء.,PENDING,,,,,,,,NOT_APPROVED_NOT_PUBLISHED
MLK-TRANS-44,maliki,Transition,Fasting qada,ما الصيام الواجب قضاؤه بعد الحيض أو النفاس؟,Which obligatory fasts must be made up after Haid or Nifas?,LOCATOR_VERIFIED,Obligatory Ramadan fasts missed because of valid Haid/Nifas are made up later; the source expressly contrasts this with missed prayers.,"حاشية الدسوقي, موانع الحيض, ص173",https://islamweb.net/ar/library/content/13/321/%D9%85%D9%88%D8%A7%D9%86%D8%B9-%D8%A7%D9%84%D8%AD%D9%8A%D8%B6,,,,هل تلخص العبارة البحثية أدناه المعتمد في المذهب بدقة لهذه المسألة؟ إن كانت صحيحة فاعتمد/نقح الصياغة العربية والإنجليزية، وإن لم تكن كذلك فصححها مع بيان الشرط أو الاستثناء.,PENDING,,,,,,,,NOT_APPROVED_NOT_PUBLISHED
MLK-TRANS-45,maliki,Transition,Uncertain purity/classification,عند الشك في الطهر أو التصنيف، ما الذي يجوز لنسوة قوله بأمان دون اختلاق حكم؟,"When purity or classification is uncertain, what may Niswah safely state without inventing a ruling?",LOCATOR_VERIFIED,"Maliki sources preserve uncertainty rather than forcing a categorical answer: if she doubts whether purity occurred before or after Fajr, she abstains/fasts with qada, while doubtful prayer liability is treated differently. Niswah must expose uncertainty and apply the specific rule rather than invent a timestamp.","حاشية الدسوقي, شرط صحة الصوم, ص522",https://g1.islamweb.net/ar/library/content/13/1163/%D8%B4%D8%B1%D8%B7-%D8%B5%D8%AD%D8%A9-%D8%A7%D9%84%D8%B5%D9%88%D9%85,"حاشية الدسوقي, علامة انتهاء الحيض, ص172",https://www.islamweb.net/ar/library/content/13/319/%D9%85%D8%AF%D8%A9-%D8%A7%D9%84%D8%AD%D9%8A%D8%B6,"Product should store uncertainty as uncertainty, not backfill a fabricated exact time.",هل تلخص العبارة البحثية أدناه المعتمد في المذهب بدقة لهذه المسألة؟ إن كانت صحيحة فاعتمد/نقح الصياغة العربية والإنجليزية، وإن لم تكن كذلك فصححها مع بيان الشرط أو الاستثناء.,PENDING,,,,,,,,NOT_APPROVED_NOT_PUBLISHED