id,domain,madhhab,category,query,expected,num_hits,top_atom,top_score,all_atoms
H-REL-01,HEALTH,,clearly_relevant,Does menstrual cycle length normally vary between people?,relevant,10,HL-MENS-002,0.6364,HL-MENS-002;HL-MENS-004;HL-PREG-001;HL-TTC-006;HL-MENS-001;HL-TTC-003;HL-TTC-002;HL-POST-001;HL-MENS-006;HL-MENS-003
H-REL-02,HEALTH,,clearly_relevant,What if my period lasts more than eight days?,relevant,10,HL-WELL-002,0.2917,HL-WELL-002;HL-MENS-009;HL-PREG-005;HL-MENS-003;HL-POST-010;HL-PREG-001;HL-MENS-001;HL-MENS-008;HL-PREG-008;HL-POST-002
H-REL-03,HEALTH,,clearly_relevant,"For a woman older than 35 who has tried six months without pregnancy, when should she seek a fertility evaluation?",relevant,10,HL-TTC-011,0.7965,HL-TTC-011;HL-TTC-010;HL-TTC-012;HL-TTC-006;HL-MENS-011;HL-TTC-003;HL-PREG-012;HL-MENS-014;HL-TTC-007;HL-PREG-005
H-PARA-01,HEALTH,,paraphrase,Is it normal for my cycle to be a slightly different length every single month?,relevant,10,HL-MENS-004,0.28,HL-MENS-004;HL-MENS-002;HL-WELL-001;HL-POST-001;HL-TTC-006;HL-TTC-002;HL-MENS-001;HL-PREG-008;HL-PREG-013;HL-PREG-001
H-PARA-02,HEALTH,,paraphrase,"My period has gone on for over a week now, should I be worried about that?",relevant,10,HL-POST-008,0.2823,HL-POST-008;HL-TTC-011;HL-WELL-002;HL-MENS-011;HL-MENS-008;HL-POST-010;HL-MENS-007;HL-PREG-010;HL-MENS-014;HL-TTC-010
H-PARA-03,HEALTH,,paraphrase,How much folic acid should I take before I try to get pregnant?,relevant,10,HL-PREG-012,0.3846,HL-PREG-012;HL-PREG-005;HL-MENS-014;HL-PREG-010;HL-TTC-011;HL-MENS-011;HL-TTC-007;HL-PREG-011;HL-TTC-010;HL-TTC-001
H-BORD-01,HEALTH,,borderline,"I feel really tired lately, is that something to worry about?",borderline,10,HL-MENS-007,0.2581,HL-MENS-007;HL-MENS-003;HL-WELL-002;HL-MENS-001;HL-PREG-005;HL-MENS-006;HL-PREG-001;HL-POST-007;HL-TTC-001;HL-POST-008
H-BORD-02,HEALTH,,borderline,Is spotting normal?,borderline,10,HL-MENS-014,0.5263,HL-MENS-014;HL-MENS-007;HL-PREG-005;HL-PREG-008;HL-MENS-009;HL-PREG-001;HL-WELL-001;HL-MENS-002;HL-POST-001;HL-MENS-015
H-BORD-03,HEALTH,,borderline,What should postpartum recovery generally look like?,borderline,10,HL-POST-011,0.5294,HL-POST-011;HL-POST-006;HL-WELL-002;HL-TTC-005;HL-POST-004;HL-MENS-005;HL-MENS-007;HL-MENS-011;HL-POST-002;HL-POST-007
H-UNREL-01,HEALTH,,clearly_unrelated,What is the capital of France?,not_relevant,10,HL-TTC-001,0.325,HL-TTC-001;HL-MENS-001;HL-PREG-006;HL-MENS-015;HL-PREG-001;HL-PREG-012;HL-PREG-004;HL-MENS-003;HL-MENS-009;HL-POST-007
H-UNREL-02,HEALTH,,clearly_unrelated,How do I bake sourdough bread at home?,not_relevant,8,HL-MENS-002,0.1463,HL-MENS-002;HL-POST-002;HL-POST-005;HL-PREG-008;HL-MENS-011;HL-MENS-006;HL-POST-006;HL-TTC-007
H-UNREL-03,HEALTH,,clearly_unrelated,What's a good recipe for chicken soup?,not_relevant,10,HL-WELL-001,0.1944,HL-WELL-001;HL-TTC-010;HL-TTC-011;HL-PREG-012;HL-TTC-005;HL-PREG-004;HL-MENS-003;HL-MENS-004;HL-PREG-010;HL-PREG-006
H-GIB-01,HEALTH,,gibberish,asdkjf qwoeiru zxcvbn random text,not_relevant,2,HL-WELL-001,0.1667,HL-WELL-001;HL-MENS-002
H-GIB-02,HEALTH,,gibberish,purple elephant spacecraft unrelated nonsense,not_relevant,1,HL-POST-010,0.1333,HL-POST-010
H-GIB-03,HEALTH,,gibberish,xyzzy quantum toaster nonsense unrelated gibberish query,not_relevant,1,HL-POST-010,0.1264,HL-POST-010
H-GIB-04,HEALTH,,gibberish,flibbertigibbet wobblesnort quzzlewhack,not_relevant,0,,,
F-REL-01,FIQH,hanafi,clearly_relevant,What happens if bleeding goes beyond ten days?,relevant,10,HNF-HAID-18,0.5556,HNF-HAID-18;HNF-ISTI-21;HNF-NIFAS-34;HNF-ISTI-20;HNF-TRANS-40;HNF-NIFAS-29;HNF-ISTI-23;HNF-HAID-01;HNF-HAID-14;HNF-TRANS-42
F-REL-02,FIQH,maliki,clearly_relevant,What is the maximum duration of Haid for a woman with no established habit?,relevant,10,MLK-HAID-17,0.5,MLK-HAID-17;MLK-NIFAS-31;MLK-HAID-04;MLK-HAID-07;MLK-TRANS-40;MLK-HAID-15;MLK-NIFAS-32;MLK-ISTI-21;MLK-ISTI-20;MLK-NIFAS-30
F-PARA-01,FIQH,hanafi,paraphrase,"my period keeps going past ten days, what does that mean for my prayers",relevant,10,HNF-HAID-18,0.2656,HNF-HAID-18;HNF-ISTI-27;HNF-TRANS-40;HNF-ISTI-24;HNF-TRANS-38;HNF-TRANS-41;HNF-HAID-14;HNF-HAID-05;HNF-TRANS-42;HNF-NIFAS-36
F-BORD-01,FIQH,shafii,borderline,when does purity happen after bleeding stops,borderline,10,SHF-ISTI-21,0.34,SHF-ISTI-21;SHF-HAID-02;SHF-HAID-14;SHF-ISTI-27;SHF-HAID-07;SHF-TRANS-41;SHF-TRANS-39;SHF-ISTI-20;SHF-HAID-18;SHF-HAID-19
F-UNREL-01,FIQH,hanafi,clearly_unrelated,what should I cook for dinner tonight,not_relevant,10,HNF-HAID-14,0.2245,HNF-HAID-14;HNF-ISTI-23;HNF-TRANS-40;HNF-HAID-03;HNF-TRANS-42;HNF-HAID-18;HNF-ISTI-26;HNF-HAID-05;HNF-HAID-01;HNF-ISTI-24
F-GIB-01,FIQH,hanbali,gibberish,zzzptqx nonsense random text blorp,not_relevant,10,HNB-ISTI-25,0.1765,HNB-ISTI-25;HNB-NIFAS-35;HNB-HAID-03;HNB-HAID-06;HNB-HAID-07;HNB-HAID-09;HNB-ISTI-23;HNB-NIFAS-28;HNB-NIFAS-32;HNB-TRANS-38
